asset_id	kind	source_path	pdf_path	used_by	status	alt_text	provenance_or_rights	notes
img-stack-editor-empty	screenshot	assets/images/stack editor empty.png	assets/images/stack editor empty.png	ch-introduction	used	Empty Stack editor with a dark teal node workspace and an empty-state prompt.	User-supplied Stack interface capture.	Existing image placement is preserved; future UI captures should use assets/screenshots/.
img-contrast-then-brightness	image	assets/images/contrast, brightness.png	assets/images/contrast-then-brightness-print.png	ch-introduction	used	Portrait render with contrast increased by fifty percent before brightness is increased by fifty percent.	User-supplied Stack render.	1200x1800 PDF-ready derivative; paired with img-brightness-then-contrast.
img-brightness-then-contrast	image	assets/images/brightness, contrast.png	assets/images/brightness-then-contrast-print.png	ch-introduction	used	Portrait render with brightness increased by fifty percent before contrast is increased by fifty percent.	User-supplied Stack render.	1200x1800 PDF-ready derivative; paired with img-contrast-then-brightness.
img-contrast-brightness-reference	image	assets/images/contrast and brightness example.JPG	assets/images/contrast and brightness example.JPG		candidate	Portrait reference render showing a contrast and brightness adjustment.	User-supplied Stack render.	Available for a later comparison or appendix; not used in the current PDF.
img-alpha-with	image	assets/images/with alpha example.png	assets/images/with alpha example.png	ch-math	used	Yellow Stack S icon with a transparent background, composited over the manual's charcoal page.	User-supplied Stack image.	Paired with img-alpha-without to demonstrate alpha compositing.
img-alpha-without	image	assets/images/Without alpha example.png	assets/images/Without alpha example.png	ch-math	used	Yellow Stack S icon with an opaque yellow background.	User-supplied Stack image.	Paired with img-alpha-with to demonstrate alpha compositing.
img-overview-simple-blur-chain	screenshot	assets/images/blurred graph chain.png	assets/images/blurred graph chain.png	ch-overview	used	A Stack graph with an input image connected to a Blur Radius node, which is connected to a blurred output image.	User-supplied Stack interface capture.	Introduces the basic input-operation-output chain.
img-overview-render-before	image	assets/images/graph chain output render.png	assets/images/graph-chain-output-render-print.png	ch-overview	used	The unblurred Charm question-mark artwork used as the input to the example graph.	User-supplied Stack render.	Cropped and reduced to a matching 1600x779 PDF-ready derivative.
img-overview-render-after	image	assets/images/blurred graph chain output render.png	assets/images/blurred-graph-chain-output-render-print.png	ch-overview	used	The Charm question-mark artwork after a strong Gaussian blur is applied.	User-supplied Stack render.	Cropped and reduced to a matching 1600x779 PDF-ready derivative.
img-overview-mask-example	screenshot	assets/images/First mask Graph Example.png	assets/images/First mask Graph Example.png	ch-overview	used	A Stack graph where a linear-gradient mask feeds the mask socket of a Blur Radius node, limiting a strong blur to part of the output image.	User-supplied Stack interface capture.	Demonstrates a scalar mask input and its viewport result.
img-overview-complex-graph	screenshot	assets/images/Complex graph Full.png	assets/images/complex-graph-full-print.png	ch-overview	used	A wide Stack node graph containing many image, mask, analysis, and adjustment nodes connected across a large project.	User-supplied Stack interface capture.	Transparent bounds cropped and reduced to a 2000x432 landscape-page derivative.
