record_id	source_sha256	bytes	path_alias	format	session_group	source_group	partition	duplicate_count	permission	labels_status
sony_dsc00122	5D98E9453E6232768D0EA0098591E4D1AEF536D7F8F767FEC1276AA7F43D73CC	49152000	user-raw://sony-canonical/DSC00122.ARW	ARW	sony-session-pre-2026-05-22	sha256:5D98E9453E6232768D0EA0098591E4D1AEF536D7F8F767FEC1276AA7F43D73CC	development	2	user-owned-local-only	coarse
sony_dsc00123	8F1E1CF381378FDC959D7B44E79990F6FBDEB3CAFB3ECF406D395BE4B74FA171	49152000	user-raw://sony-canonical/DSC00123.ARW	ARW	sony-session-pre-2026-05-22	sha256:8F1E1CF381378FDC959D7B44E79990F6FBDEB3CAFB3ECF406D395BE4B74FA171	development	2	user-owned-local-only	coarse
sony_dsc00124	8EF722E993F8B0701F4C71DEF0F8A68C714A8DB70EE1C705574E205927B4D624	49446912	user-raw://sony-canonical/DSC00124.ARW	ARW	sony-session-pre-2026-05-22	sha256:8EF722E993F8B0701F4C71DEF0F8A68C714A8DB70EE1C705574E205927B4D624	development	2	user-owned-local-only	coarse
sony_dsc00125	89F70B7A159CCB1A5ED209646CEACC8AEC2B54BF2C0AF1EC29D225135DB6CCBD	49446912	user-raw://sony-canonical/DSC00125.ARW	ARW	sony-session-pre-2026-05-22	sha256:89F70B7A159CCB1A5ED209646CEACC8AEC2B54BF2C0AF1EC29D225135DB6CCBD	development	2	user-owned-local-only	coarse
sony_dsc00126	EF23DAE1EB682F08BF6D736B3EE632862FAA85357751BB062817CCB54BBC576D	49283072	user-raw://sony-canonical/DSC00126.ARW	ARW	sony-session-pre-2026-05-22	sha256:EF23DAE1EB682F08BF6D736B3EE632862FAA85357751BB062817CCB54BBC576D	development	2	user-owned-local-only	coarse
sony_dsc00127	2AD7E7FB5A78370E4EE4BD5D8A5DA7AD938C3FAF710EF2F8B170AE5DB5A1C2C6	49381376	user-raw://sony-canonical/DSC00127.ARW	ARW	sony-session-pre-2026-05-22	sha256:2AD7E7FB5A78370E4EE4BD5D8A5DA7AD938C3FAF710EF2F8B170AE5DB5A1C2C6	development	2	user-owned-local-only	coarse
sony_dsc00128	A30D34EC9A9C881248E07A97111E2EEC947D9C95010C9D3F6B8440BAF43D7433	49381376	user-raw://sony-canonical/DSC00128.ARW	ARW	sony-session-pre-2026-05-22	sha256:A30D34EC9A9C881248E07A97111E2EEC947D9C95010C9D3F6B8440BAF43D7433	development	2	user-owned-local-only	coarse
sony_dsc00129	2AEF86233B8AA299FB7CD83384ED52BDFEBB5129BD45B54D9994A8E70D005A6A	49414144	user-raw://sony-canonical/DSC00129.ARW	ARW	sony-session-pre-2026-05-22	sha256:2AEF86233B8AA299FB7CD83384ED52BDFEBB5129BD45B54D9994A8E70D005A6A	development	2	user-owned-local-only	coarse
sony_dsc00130	C3AFDF52BD93675612108F940366548C0E40CD14971EABE664663F1F77555EB4	49414144	user-raw://sony-canonical/DSC00130.ARW	ARW	sony-session-pre-2026-05-22	sha256:C3AFDF52BD93675612108F940366548C0E40CD14971EABE664663F1F77555EB4	development	2	user-owned-local-only	coarse
sony_dsc00131	D0ACA1870CF913CE535777C6FF7793A848023AEFF9C1F5C44693A5401F93A71B	49283072	user-raw://sony-canonical/DSC00131.ARW	ARW	sony-session-pre-2026-05-22	sha256:D0ACA1870CF913CE535777C6FF7793A848023AEFF9C1F5C44693A5401F93A71B	development	2	user-owned-local-only	coarse
sony_dsc00132	BC6B66939D316790E1E4F68DE7855D5B9ECC38BB5FD6FE5CDB274FF397BB66A4	49283072	user-raw://sony-canonical/DSC00132.ARW	ARW	sony-session-pre-2026-05-22	sha256:BC6B66939D316790E1E4F68DE7855D5B9ECC38BB5FD6FE5CDB274FF397BB66A4	development	2	user-owned-local-only	coarse
sony_dsc00133	0ABA14DA8423FB54B49D81D982BF9BE09DAEEDE6C2EC3B823CAA6BDC37725C78	49152000	user-raw://sony-canonical/DSC00133.ARW	ARW	sony-session-pre-2026-05-22	sha256:0ABA14DA8423FB54B49D81D982BF9BE09DAEEDE6C2EC3B823CAA6BDC37725C78	development	2	user-owned-local-only	coarse
sony_dsc00134	862B45CA882CA6AA0E263B75F5AACBF04263AB148756822CFC81FEAE4400992E	49152000	user-raw://sony-canonical/DSC00134.ARW	ARW	sony-session-pre-2026-05-22	sha256:862B45CA882CA6AA0E263B75F5AACBF04263AB148756822CFC81FEAE4400992E	development	2	user-owned-local-only	coarse
sony_dsc00135	C211CEBA859DA732AE5BFB6FAF11B648725E1B76E948DB392DA1FCBD19E4F44D	49446912	user-raw://sony-canonical/DSC00135.ARW	ARW	sony-session-pre-2026-05-22	sha256:C211CEBA859DA732AE5BFB6FAF11B648725E1B76E948DB392DA1FCBD19E4F44D	development	2	user-owned-local-only	coarse
sony_dsc00136	B5423A2B4EC170752BD0B4D2AAFA77B919CCAD9683F371DC2CBF31DECF25BDF5	49446912	user-raw://sony-canonical/DSC00136.ARW	ARW	sony-session-pre-2026-05-22	sha256:B5423A2B4EC170752BD0B4D2AAFA77B919CCAD9683F371DC2CBF31DECF25BDF5	development	2	user-owned-local-only	coarse
sony_dsc00137	0703F001B5DE3513C3BE50EAE01CBA095BFD72BB6BD0A0BC3D4ACA09D7E1BDED	49184768	user-raw://sony-canonical/DSC00137.ARW	ARW	sony-session-pre-2026-05-22	sha256:0703F001B5DE3513C3BE50EAE01CBA095BFD72BB6BD0A0BC3D4ACA09D7E1BDED	development	2	user-owned-local-only	coarse
sony_dsc00138	C025D7A5713A47A8BAAA249124E3BF68D7EB66CF066646265CB59A3B877CA394	49184768	user-raw://sony-canonical/DSC00138.ARW	ARW	sony-session-pre-2026-05-22	sha256:C025D7A5713A47A8BAAA249124E3BF68D7EB66CF066646265CB59A3B877CA394	development	2	user-owned-local-only	coarse
sony_dsc00315	C4070FBF8D54A6145EDE917AFC5D09ECF3CF9B6027719C0B554B54BC836634F0	49217536	user-raw://sony-canonical/DSC00315.ARW	ARW	sony-session-pre-2026-05-22	sha256:C4070FBF8D54A6145EDE917AFC5D09ECF3CF9B6027719C0B554B54BC836634F0	development	2	user-owned-local-only	coarse
sony_dsc00316	E91AEFB2A2D80BA744EA339B95E868048E2E8F3BCD5DA6C3245AD031B0E5CF3C	49184768	user-raw://sony-canonical/DSC00316.ARW	ARW	sony-session-pre-2026-05-22	sha256:E91AEFB2A2D80BA744EA339B95E868048E2E8F3BCD5DA6C3245AD031B0E5CF3C	development	2	user-owned-local-only	coarse
sony_dsc00317	0D2EE7E12F09408A8D27205887422D0FA2DBD5A246C54619F50251916AE5B214	49184768	user-raw://sony-canonical/DSC00317.ARW	ARW	sony-session-pre-2026-05-22	sha256:0D2EE7E12F09408A8D27205887422D0FA2DBD5A246C54619F50251916AE5B214	development	2	user-owned-local-only	coarse
sony_dsc00318	C885F5CBCDC185F6195C723B58434C86505CA254A42662CF1644F6EEFABE4A27	49055374	user-raw://sony-canonical/DSC00318.ARW	ARW	sony-session-pre-2026-05-22	sha256:C885F5CBCDC185F6195C723B58434C86505CA254A42662CF1644F6EEFABE4A27	development	2	user-owned-local-only	coarse
sony_dsc00319	5F8326B99DD675F4AE4ABF9BFA07E140EC3A1C996DBDAE1A6CF476DDC4756E91	49186446	user-raw://sony-canonical/DSC00319.ARW	ARW	sony-session-pre-2026-05-22	sha256:5F8326B99DD675F4AE4ABF9BFA07E140EC3A1C996DBDAE1A6CF476DDC4756E91	development	2	user-owned-local-only	coarse
sony_dsc00320	AB5322399FBF1B122F4DC99825D6FC1D055A3AB7AF7E2944C17CF8AE4831BE77	49219214	user-raw://sony-canonical/DSC00320.ARW	ARW	sony-session-pre-2026-05-22	sha256:AB5322399FBF1B122F4DC99825D6FC1D055A3AB7AF7E2944C17CF8AE4831BE77	development	2	user-owned-local-only	coarse
sony_dsc00323	AFCB956EC1F31629BA7963E33A4BB9C63F19E5D57B4987140317165DDF83F938	49053696	user-raw://sony-canonical/DSC00323.ARW	ARW	sony-session-pre-2026-05-22	sha256:AFCB956EC1F31629BA7963E33A4BB9C63F19E5D57B4987140317165DDF83F938	development	2	user-owned-local-only	coarse
sony_dsc00324	733ECB2E3F25550072ADE7743F523C661231572D5663A066A4F6D3F30A4E0B79	49414144	user-raw://sony-canonical/DSC00324.ARW	ARW	sony-session-pre-2026-05-22	sha256:733ECB2E3F25550072ADE7743F523C661231572D5663A066A4F6D3F30A4E0B79	development	2	user-owned-local-only	coarse
sony_dsc00325	F9733ABC6D0326AA0F495643443064CAE86A23BEEB483EA4C61C57E943FC99A1	49479680	user-raw://sony-canonical/DSC00325.ARW	ARW	sony-session-pre-2026-05-22	sha256:F9733ABC6D0326AA0F495643443064CAE86A23BEEB483EA4C61C57E943FC99A1	development	2	user-owned-local-only	coarse
sony_dsc00326	447902263005C869FEB6E0547717E1BA27189B5279A4FC3F331631F3CECC81A1	49283072	user-raw://sony-canonical/DSC00326.ARW	ARW	sony-session-pre-2026-05-22	sha256:447902263005C869FEB6E0547717E1BA27189B5279A4FC3F331631F3CECC81A1	development	2	user-owned-local-only	coarse
sony_dsc00329	ABE146428D53D12FD7D5CFE06DEE8CD93E1EDB95E0567064134FF250C7489565	49184768	user-raw://sony-canonical/DSC00329.ARW	ARW	sony-session-pre-2026-05-22	sha256:ABE146428D53D12FD7D5CFE06DEE8CD93E1EDB95E0567064134FF250C7489565	development	2	user-owned-local-only	coarse
sony_dsc00349	5A60DFCE07BE3C1750884A15B21F002694FC07B11F8D6CE71D0CD8A79E7BF4FE	49184768	user-raw://sony-canonical/DSC00349.ARW	ARW	sony-session-2026-05-22	sha256:5A60DFCE07BE3C1750884A15B21F002694FC07B11F8D6CE71D0CD8A79E7BF4FE	development	2	user-owned-local-only	coarse
sony_dsc00350	BB309A6055C96DE1AF77873B562691EEA83E6435515219C261626EC267001C63	49283072	user-raw://sony-canonical/DSC00350.ARW	ARW	sony-session-2026-05-22	sha256:BB309A6055C96DE1AF77873B562691EEA83E6435515219C261626EC267001C63	development	2	user-owned-local-only	coarse
sony_dsc00351	0FD164D61B112CF820CFCA387103C0FC7684F7CD7323D8F43175C1D6D3CA5FD5	49283072	user-raw://sony-canonical/DSC00351.ARW	ARW	sony-session-2026-05-22	sha256:0FD164D61B112CF820CFCA387103C0FC7684F7CD7323D8F43175C1D6D3CA5FD5	development	2	user-owned-local-only	coarse
sony_dsc00352	4899501BBBAFEED8412F1EC4319192811EDC7A7C4F7218E54B37D28327F0A8E3	49315840	user-raw://sony-canonical/DSC00352.ARW	ARW	sony-session-2026-05-22	sha256:4899501BBBAFEED8412F1EC4319192811EDC7A7C4F7218E54B37D28327F0A8E3	development	2	user-owned-local-only	coarse
sony_dsc00353	472D9BC4A4B1738B4F9BEDAEBF9AB0AB495A06FD9176F41A8625647309C0DAEF	49184768	user-raw://sony-canonical/DSC00353.ARW	ARW	sony-session-2026-05-22	sha256:472D9BC4A4B1738B4F9BEDAEBF9AB0AB495A06FD9176F41A8625647309C0DAEF	development	2	user-owned-local-only	coarse
sony_dsc00354	826F51309E2BFA2F81D8F2DD9867532C8CE28AD8776FC8D164FDBEA7608117EE	49184768	user-raw://sony-canonical/DSC00354.ARW	ARW	sony-session-2026-05-22	sha256:826F51309E2BFA2F81D8F2DD9867532C8CE28AD8776FC8D164FDBEA7608117EE	development	2	user-owned-local-only	coarse
sony_dsc00355	E080BE2E7156535DFBADDDCDD54A3A05505029234A07B2EFECC56FB2C9CF2C80	49217536	user-raw://sony-canonical/DSC00355.ARW	ARW	sony-session-2026-05-22	sha256:E080BE2E7156535DFBADDDCDD54A3A05505029234A07B2EFECC56FB2C9CF2C80	development	2	user-owned-local-only	coarse
sony_dsc00356	E0AED5427251D0179FE45AAF0A310CFE2C27D0F59733CE075C34C95DC414155A	49217536	user-raw://sony-canonical/DSC00356.ARW	ARW	sony-session-2026-05-22	sha256:E0AED5427251D0179FE45AAF0A310CFE2C27D0F59733CE075C34C95DC414155A	development	2	user-owned-local-only	coarse
sony_dsc00357	22D1C195E22C53D5CE55D99932C21EA16CB42FB95A3081F5FEF109BAF38B041A	49217536	user-raw://sony-canonical/DSC00357.ARW	ARW	sony-session-2026-05-22	sha256:22D1C195E22C53D5CE55D99932C21EA16CB42FB95A3081F5FEF109BAF38B041A	development	2	user-owned-local-only	coarse
sony_dsc00358	2A5F6C6B9E58BB44A3DFC333BC515B4C60BB2EC6F510BF598034EE861BD5996C	49184768	user-raw://sony-canonical/DSC00358.ARW	ARW	sony-session-2026-05-22	sha256:2A5F6C6B9E58BB44A3DFC333BC515B4C60BB2EC6F510BF598034EE861BD5996C	development	2	user-owned-local-only	coarse
sony_dsc00359	67DED2E846DB60AAC4FE75ABE40C1305299592949467C29DDF3728B83F45821B	49315840	user-raw://sony-canonical/DSC00359.ARW	ARW	sony-session-2026-05-22	sha256:67DED2E846DB60AAC4FE75ABE40C1305299592949467C29DDF3728B83F45821B	development	2	user-owned-local-only	coarse
sony_dsc00360	97E533B2E4C5F7961BA421D664F54B15B50C1B9EBF4AF9E487EE9BD4CE67A2A8	49251998	user-raw://sony-canonical/DSC00360.ARW	ARW	sony-session-2026-05-22	sha256:97E533B2E4C5F7961BA421D664F54B15B50C1B9EBF4AF9E487EE9BD4CE67A2A8	development	2	user-owned-local-only	coarse
sony_dsc00361	9DF91A93EDBD478788A5BB00A14C038D2FBE2BB8B45B1F6C10A208D233B8B2D1	49217536	user-raw://sony-canonical/DSC00361.ARW	ARW	sony-session-2026-05-22	sha256:9DF91A93EDBD478788A5BB00A14C038D2FBE2BB8B45B1F6C10A208D233B8B2D1	development	2	user-owned-local-only	coarse
sony_dsc00362	7FAB59F467727D4A1BEF9B6105026C117EA0EC969D880E90C135473B1FFAB8A7	49348608	user-raw://sony-canonical/DSC00362.ARW	ARW	sony-session-2026-05-22	sha256:7FAB59F467727D4A1BEF9B6105026C117EA0EC969D880E90C135473B1FFAB8A7	development	2	user-owned-local-only	coarse
sony_dsc00363	C1D45D5C8617AF2294F43797488C85A761097D2B6394FBB6ADA68FD89A5A8AF9	49217536	user-raw://sony-canonical/DSC00363.ARW	ARW	sony-session-2026-05-22	sha256:C1D45D5C8617AF2294F43797488C85A761097D2B6394FBB6ADA68FD89A5A8AF9	development	2	user-owned-local-only	coarse
sony_dsc00364	65EDA76319B4B90C093CE976C36D211CD537C011BF098D355B04ADC577BCA61A	49381376	user-raw://sony-canonical/DSC00364.ARW	ARW	sony-session-2026-05-22	sha256:65EDA76319B4B90C093CE976C36D211CD537C011BF098D355B04ADC577BCA61A	development	2	user-owned-local-only	coarse
sony_dsc00365	8D14F91FF6A5A2F80877DB32F04EF8DCD65F9FC5DA0E4C76DAF4595CB6622423	49381376	user-raw://sony-canonical/DSC00365.ARW	ARW	sony-session-2026-05-22	sha256:8D14F91FF6A5A2F80877DB32F04EF8DCD65F9FC5DA0E4C76DAF4595CB6622423	development	2	user-owned-local-only	coarse
sony_dsc00366	FC66FF5D69FD30EB0A0C9093957F6D7BAD398358D5C30219BE11D5C78B40FE6E	49348608	user-raw://sony-canonical/DSC00366.ARW	ARW	sony-session-2026-05-22	sha256:FC66FF5D69FD30EB0A0C9093957F6D7BAD398358D5C30219BE11D5C78B40FE6E	development	2	user-owned-local-only	coarse
sony_dsc00369	D96C9A3F70F723E5047B9804C8C1D539BD4E9C2C7BB15A9D77153C365C55E1A6	49250304	user-raw://sony-canonical/DSC00369.ARW	ARW	sony-session-2026-05-22	sha256:D96C9A3F70F723E5047B9804C8C1D539BD4E9C2C7BB15A9D77153C365C55E1A6	development	2	user-owned-local-only	coarse
sony_dsc00370	B8B0181C02CE0815355B57D5419E9F7E25E5EE2E7CD58793C94A64C4253615B1	49348608	user-raw://sony-canonical/DSC00370.ARW	ARW	sony-session-2026-05-22	sha256:B8B0181C02CE0815355B57D5419E9F7E25E5EE2E7CD58793C94A64C4253615B1	development	2	user-owned-local-only	coarse
sony_dsc00372	F4E1A4A514B1460991375E2A45A097825CF36CF252C984B748C901B3FDF1A576	49414144	user-raw://sony-canonical/DSC00372.ARW	ARW	sony-session-2026-05-22	sha256:F4E1A4A514B1460991375E2A45A097825CF36CF252C984B748C901B3FDF1A576	development	2	user-owned-local-only	coarse
sony_dsc00373	106FEF940409838C838EA0A6F0B3587398577FC9581A8A089926227BF2195921	49315840	user-raw://sony-canonical/DSC00373.ARW	ARW	sony-session-2026-05-22	sha256:106FEF940409838C838EA0A6F0B3587398577FC9581A8A089926227BF2195921	development	2	user-owned-local-only	coarse
sony_dsc00374	A18ADD8DBD446CA81643792181CEE60155D6D5605BF0FDBC8A3AC43602A1C806	49348608	user-raw://sony-canonical/DSC00374.ARW	ARW	sony-session-2026-05-22	sha256:A18ADD8DBD446CA81643792181CEE60155D6D5605BF0FDBC8A3AC43602A1C806	development	2	user-owned-local-only	coarse
sony_dsc00376	3E2DF29C006F7E2113411D2A283DC008E18596AC8DAABB2213A32A318A071FAF	49250304	user-raw://sony-canonical/DSC00376.ARW	ARW	sony-session-2026-05-23	sha256:3E2DF29C006F7E2113411D2A283DC008E18596AC8DAABB2213A32A318A071FAF	validation	2	user-owned-local-only	coarse
sony_dsc00377	9D25C8FD491E204864EEBF06B217830FBD2C79131114219A476F34F6647683B8	49250304	user-raw://sony-canonical/DSC00377.ARW	ARW	sony-session-2026-05-23	sha256:9D25C8FD491E204864EEBF06B217830FBD2C79131114219A476F34F6647683B8	validation	2	user-owned-local-only	coarse
sony_dsc00378	C4B2EA012EDB740CC1A56A5C93EC7EA84B33F3FFE235D2352921E04969A2A9D5	49315840	user-raw://sony-canonical/DSC00378.ARW	ARW	sony-session-2026-05-23	sha256:C4B2EA012EDB740CC1A56A5C93EC7EA84B33F3FFE235D2352921E04969A2A9D5	validation	2	user-owned-local-only	coarse
sony_dsc00379	18D4E07B0B99D2098A778B20AA7E3F1DAAA42BFDB0489A4238EA3358DED3242D	49315840	user-raw://sony-canonical/DSC00379.ARW	ARW	sony-session-2026-05-23	sha256:18D4E07B0B99D2098A778B20AA7E3F1DAAA42BFDB0489A4238EA3358DED3242D	validation	2	user-owned-local-only	coarse
sony_dsc00380	EED627A36803CBDDF0195A50DF06B7C7CD0D8D22A98C492B1CC0A0F0A7599F8B	49315840	user-raw://sony-canonical/DSC00380.ARW	ARW	sony-session-2026-05-23	sha256:EED627A36803CBDDF0195A50DF06B7C7CD0D8D22A98C492B1CC0A0F0A7599F8B	validation	2	user-owned-local-only	coarse
sony_dsc00381	E0D3140082F562B134CA87682CCA9E2E7D22189970AFF7C90156B5C0A01FAFE5	49315840	user-raw://sony-canonical/DSC00381.ARW	ARW	sony-session-2026-05-23	sha256:E0D3140082F562B134CA87682CCA9E2E7D22189970AFF7C90156B5C0A01FAFE5	validation	2	user-owned-local-only	coarse
sony_dsc00382	9BF524D75DCF07A2127BC0FD51479E6DA8B9071868B5196CB96CB8C00E4B0569	49217536	user-raw://sony-canonical/DSC00382.ARW	ARW	sony-session-2026-05-23	sha256:9BF524D75DCF07A2127BC0FD51479E6DA8B9071868B5196CB96CB8C00E4B0569	validation	2	user-owned-local-only	coarse
sony_dsc00383	79161CBB0557CF2E7E87105701B20CDA3195536430D7DB0558A9785936769BC5	49250304	user-raw://sony-canonical/DSC00383.ARW	ARW	sony-session-2026-05-23	sha256:79161CBB0557CF2E7E87105701B20CDA3195536430D7DB0558A9785936769BC5	validation	2	user-owned-local-only	coarse
sony_dsc00384	03BDCAEB25EF5762D2D053D578335F181FEE625B0F812A78BC132D03AFE02B1A	49217536	user-raw://sony-canonical/DSC00384.ARW	ARW	sony-session-2026-05-23	sha256:03BDCAEB25EF5762D2D053D578335F181FEE625B0F812A78BC132D03AFE02B1A	validation	2	user-owned-local-only	coarse
sony_dsc00385	2A79506AB51718D2333842F5DF7B751C24EDBED5483769CFCF139F6A8A40FABA	49217536	user-raw://sony-canonical/DSC00385.ARW	ARW	sony-session-2026-05-23	sha256:2A79506AB51718D2333842F5DF7B751C24EDBED5483769CFCF139F6A8A40FABA	validation	2	user-owned-local-only	coarse
sony_dsc00554	9AA9DD8A09994E3C79E0E201027E0ABAFE75BF0D119E0746E8662D2591EB36D1	49184768	user-raw://sony-canonical/DSC00554.ARW	ARW	sony-session-2026-05-24	sha256:9AA9DD8A09994E3C79E0E201027E0ABAFE75BF0D119E0746E8662D2591EB36D1	validation	2	user-owned-local-only	coarse
sony_dsc00555	B1E451340B61C7F6B8A4281BC1784AB52954A7F621AC4D6372A3C5764A05E215	49119232	user-raw://sony-canonical/DSC00555.ARW	ARW	sony-session-2026-05-24	sha256:B1E451340B61C7F6B8A4281BC1784AB52954A7F621AC4D6372A3C5764A05E215	validation	2	user-owned-local-only	coarse
sony_dsc00556	E7C9A1FB1FAE4071420543723B2ACFAD6BCD09E04445CF2397E209EDEE59D70C	49119232	user-raw://sony-canonical/DSC00556.ARW	ARW	sony-session-2026-05-24	sha256:E7C9A1FB1FAE4071420543723B2ACFAD6BCD09E04445CF2397E209EDEE59D70C	validation	2	user-owned-local-only	coarse
sony_dsc00557	73271B7DD113EDA55534561E74C07EAF7F53B6259F0A4852339D9BEBEAFC7ECC	49053696	user-raw://sony-canonical/DSC00557.ARW	ARW	sony-session-2026-05-24	sha256:73271B7DD113EDA55534561E74C07EAF7F53B6259F0A4852339D9BEBEAFC7ECC	validation	2	user-owned-local-only	coarse
sony_dsc00558	B021B46B2E528AE6554D90D302B18E11CB8AC35650C9DB4FDBDA45348ECA3C5D	49053696	user-raw://sony-canonical/DSC00558.ARW	ARW	sony-session-2026-05-24	sha256:B021B46B2E528AE6554D90D302B18E11CB8AC35650C9DB4FDBDA45348ECA3C5D	validation	2	user-owned-local-only	coarse
sony_dsc00567	0FC9EA8C90D471560F92EED222379B50DBFD0A179846842442CDB6247FB2A575	49152000	user-raw://sony-canonical/DSC00567.ARW	ARW	sony-session-2026-05-24	sha256:0FC9EA8C90D471560F92EED222379B50DBFD0A179846842442CDB6247FB2A575	validation	2	user-owned-local-only	coarse
sony_dsc00568	61A2ED8334212E964FDD8477420F27F617A4E07CEBB2C7B626A6A1FB48F5070D	49119232	user-raw://sony-canonical/DSC00568.ARW	ARW	sony-session-2026-05-24	sha256:61A2ED8334212E964FDD8477420F27F617A4E07CEBB2C7B626A6A1FB48F5070D	validation	2	user-owned-local-only	coarse
sony_dsc00569	37794B4AFE6CBE30C7E483736BCDE81DDA210C802DCDF289D96B4F2C0C88A6F8	49086464	user-raw://sony-canonical/DSC00569.ARW	ARW	sony-session-2026-05-24	sha256:37794B4AFE6CBE30C7E483736BCDE81DDA210C802DCDF289D96B4F2C0C88A6F8	validation	2	user-owned-local-only	coarse
sony_dsc00570	785E0129247B0A28E5C312DFA51474AC68F36ED9780A02CDCF57D35852C2A9D9	49086464	user-raw://sony-canonical/DSC00570.ARW	ARW	sony-session-2026-05-24	sha256:785E0129247B0A28E5C312DFA51474AC68F36ED9780A02CDCF57D35852C2A9D9	validation	2	user-owned-local-only	coarse
sony_dsc00571	9FD6BF9C1F5AD4F31B8ECFCA535B5DD5491660BB2DDF643360FE8C12A0618D3B	49086464	user-raw://sony-canonical/DSC00571.ARW	ARW	sony-session-2026-05-24	sha256:9FD6BF9C1F5AD4F31B8ECFCA535B5DD5491660BB2DDF643360FE8C12A0618D3B	validation	2	user-owned-local-only	coarse
sony_dsc00574	E40474796E45AFA0BD7FBB5482D0EAA8B09D9146EE063B7D6331FA5B222D1AC3	49184768	user-raw://sony-canonical/DSC00574.ARW	ARW	sony-session-2026-05-24	sha256:E40474796E45AFA0BD7FBB5482D0EAA8B09D9146EE063B7D6331FA5B222D1AC3	validation	2	user-owned-local-only	coarse
sony_dsc00575	FACFB94C1978F73AC81B5B933614C090B48F6B348169BFB1124A9A724F0E0358	49184768	user-raw://sony-canonical/DSC00575.ARW	ARW	sony-session-2026-05-24	sha256:FACFB94C1978F73AC81B5B933614C090B48F6B348169BFB1124A9A724F0E0358	validation	2	user-owned-local-only	coarse
sony_dsc00576	CB3796D0328A86FBB6FCBBBC9D34686BCC12C0B19691D07B673C51BE35757063	49184768	user-raw://sony-canonical/DSC00576.ARW	ARW	sony-session-2026-05-24	sha256:CB3796D0328A86FBB6FCBBBC9D34686BCC12C0B19691D07B673C51BE35757063	validation	2	user-owned-local-only	coarse
sony_dsc00577	349D47AD27E75BA495A2038FB2DD1EBDC3193EEDFCA046D15A0A8D3CD319E193	49152000	user-raw://sony-canonical/DSC00577.ARW	ARW	sony-session-2026-05-24	sha256:349D47AD27E75BA495A2038FB2DD1EBDC3193EEDFCA046D15A0A8D3CD319E193	validation	2	user-owned-local-only	coarse
sony_dsc00578	40A77C547D7A7751E7B481A6DF823EE5E59BC35B634037CB732159C300848F4E	49152000	user-raw://sony-canonical/DSC00578.ARW	ARW	sony-session-2026-05-24	sha256:40A77C547D7A7751E7B481A6DF823EE5E59BC35B634037CB732159C300848F4E	validation	2	user-owned-local-only	coarse
sony_dsc00579	0D17528B1D0C6C6A26ED0EA9BB11CBCD42D5315958858AAF90FCA082753F40F2	49152000	user-raw://sony-canonical/DSC00579.ARW	ARW	sony-session-2026-05-24	sha256:0D17528B1D0C6C6A26ED0EA9BB11CBCD42D5315958858AAF90FCA082753F40F2	validation	2	user-owned-local-only	coarse
sony_dsc00580	3C692F3769C28E3930E3B0BCA1C2BBE02BB5DEDF413335C91D80A0F82DD286C6	49152000	user-raw://sony-canonical/DSC00580.ARW	ARW	sony-session-2026-05-24	sha256:3C692F3769C28E3930E3B0BCA1C2BBE02BB5DEDF413335C91D80A0F82DD286C6	validation	2	user-owned-local-only	coarse
sony_dsc00581	D08C5A741464D23E923305F4FE4C94706E07777D73A8CECDE3D7D8485FEBA28A	49152000	user-raw://sony-canonical/DSC00581.ARW	ARW	sony-session-2026-05-24	sha256:D08C5A741464D23E923305F4FE4C94706E07777D73A8CECDE3D7D8485FEBA28A	validation	2	user-owned-local-only	coarse
sony_dsc00582	4D2E0E1018765E5F9F7BDF0F1E466BDC1347728AEB4A77AFC9AE4817E8B307DF	49086464	user-raw://sony-canonical/DSC00582.ARW	ARW	sony-session-2026-05-24	sha256:4D2E0E1018765E5F9F7BDF0F1E466BDC1347728AEB4A77AFC9AE4817E8B307DF	validation	2	user-owned-local-only	coarse
sony_dsc00583	9FE93FAC50AD2B09CD779597D0C1A11E1B178B4C86FD23D22A2EEAD6977BF280	49086464	user-raw://sony-canonical/DSC00583.ARW	ARW	sony-session-2026-05-24	sha256:9FE93FAC50AD2B09CD779597D0C1A11E1B178B4C86FD23D22A2EEAD6977BF280	validation	2	user-owned-local-only	coarse
sony_dsc00584	8EC89C3ED4651D757F81130ECD00132CE6995BB7A75974492BE1549EBBD7BF53	49119232	user-raw://sony-canonical/DSC00584.ARW	ARW	sony-session-2026-05-24	sha256:8EC89C3ED4651D757F81130ECD00132CE6995BB7A75974492BE1549EBBD7BF53	validation	2	user-owned-local-only	coarse
sony_dsc00585	2BE5FCFAC3BB435219FC5EE2CE0E0343FF8EFE180AC4A6876722DD4914583D64	49119232	user-raw://sony-canonical/DSC00585.ARW	ARW	sony-session-2026-05-24	sha256:2BE5FCFAC3BB435219FC5EE2CE0E0343FF8EFE180AC4A6876722DD4914583D64	validation	2	user-owned-local-only	coarse
sony_dsc00586	18A5D2BAF11AF2C3B799C39C28CED5641D095D7B231A72339977F012E8650944	49086464	user-raw://sony-canonical/DSC00586.ARW	ARW	sony-session-2026-05-24	sha256:18A5D2BAF11AF2C3B799C39C28CED5641D095D7B231A72339977F012E8650944	validation	2	user-owned-local-only	coarse
sony_dsc00587	E202A5F55E79EAC1FB3065D2466DA3C7C891D2AD6CE523B45542D47A0DE1FF77	49053696	user-raw://sony-canonical/DSC00587.ARW	ARW	sony-session-2026-05-24	sha256:E202A5F55E79EAC1FB3065D2466DA3C7C891D2AD6CE523B45542D47A0DE1FF77	validation	2	user-owned-local-only	coarse
sony_dsc00588	23C7D2166637D05C68B9885D784B8797ED106396654DB33329AC0AFD5EE38F2D	49053696	user-raw://sony-canonical/DSC00588.ARW	ARW	sony-session-2026-05-24	sha256:23C7D2166637D05C68B9885D784B8797ED106396654DB33329AC0AFD5EE38F2D	validation	2	user-owned-local-only	coarse
sony_dsc00589	17F7173E4FC48FA58DB3B9B991DC5CA31C37AEC7A60EC4032A5BF8B116AD5B2A	49053696	user-raw://sony-canonical/DSC00589.ARW	ARW	sony-session-2026-05-24	sha256:17F7173E4FC48FA58DB3B9B991DC5CA31C37AEC7A60EC4032A5BF8B116AD5B2A	validation	2	user-owned-local-only	coarse
sony_dsc00590	E3E3062EC7F6B4F7AD5CF3D9A0C86458C17D58CA5681F16858085E8AD0BFC36D	49053696	user-raw://sony-canonical/DSC00590.ARW	ARW	sony-session-2026-05-24	sha256:E3E3062EC7F6B4F7AD5CF3D9A0C86458C17D58CA5681F16858085E8AD0BFC36D	validation	2	user-owned-local-only	coarse
sony_dsc00591	7C7150D4A34F8919A231AB034DFB143C02737229EF3B0357A5066FE469F9A220	49053696	user-raw://sony-canonical/DSC00591.ARW	ARW	sony-session-2026-05-24	sha256:7C7150D4A34F8919A231AB034DFB143C02737229EF3B0357A5066FE469F9A220	validation	2	user-owned-local-only	coarse
sony_dsc00592	6E0941FF5771CE7D955F82A8A2C8875261EC8C02F1C5E1C3E7F82E7475D62CC0	49086464	user-raw://sony-canonical/DSC00592.ARW	ARW	sony-session-2026-05-24	sha256:6E0941FF5771CE7D955F82A8A2C8875261EC8C02F1C5E1C3E7F82E7475D62CC0	validation	2	user-owned-local-only	coarse
sony_dsc00593	F418091B12D3040DB6C08B68A873257A850A00EF061ED15569E943B9D96A79FC	49086464	user-raw://sony-canonical/DSC00593.ARW	ARW	sony-session-2026-05-24	sha256:F418091B12D3040DB6C08B68A873257A850A00EF061ED15569E943B9D96A79FC	validation	2	user-owned-local-only	coarse
sony_dsc00594	6D563DD607116545F8C940015EBCEC243D9424F53C4DD55CCCB0A6EBCE151125	49086464	user-raw://sony-canonical/DSC00594.ARW	ARW	sony-session-2026-05-24	sha256:6D563DD607116545F8C940015EBCEC243D9424F53C4DD55CCCB0A6EBCE151125	validation	2	user-owned-local-only	coarse
sony_dsc00595	173C37899D8DB947574CB8C83AEF6E59A87865BA460998D9CDF0AE888DFE7B56	49217536	user-raw://sony-canonical/DSC00595.ARW	ARW	sony-session-2026-05-24	sha256:173C37899D8DB947574CB8C83AEF6E59A87865BA460998D9CDF0AE888DFE7B56	validation	2	user-owned-local-only	coarse
sony_dsc00596	ED0CBBC1B657C1059EEA49780B29181BC3A28EADCBAEBEF0FE8E1B7332F77E2B	49119232	user-raw://sony-canonical/DSC00596.ARW	ARW	sony-session-2026-05-24	sha256:ED0CBBC1B657C1059EEA49780B29181BC3A28EADCBAEBEF0FE8E1B7332F77E2B	validation	2	user-owned-local-only	coarse
sony_dsc00597	67807AECA6389FE0BF9244ECA99982F729012FB9F0F274154AB321CD6D3E1A0E	49152000	user-raw://sony-canonical/DSC00597.ARW	ARW	sony-session-2026-05-24	sha256:67807AECA6389FE0BF9244ECA99982F729012FB9F0F274154AB321CD6D3E1A0E	validation	2	user-owned-local-only	coarse
sony_dsc00598	4F2A29CDED5435D0559F4821806BF27028DB9058CDE2BBB1B3D844662F159C63	49152000	user-raw://sony-canonical/DSC00598.ARW	ARW	sony-session-2026-05-24	sha256:4F2A29CDED5435D0559F4821806BF27028DB9058CDE2BBB1B3D844662F159C63	validation	2	user-owned-local-only	coarse
sony_dsc00599	2B5EF8789F03473F6301469387C756E9CE8300B9CB7FAB1DD77143B42FA9E946	49152000	user-raw://sony-canonical/DSC00599.ARW	ARW	sony-session-2026-05-24	sha256:2B5EF8789F03473F6301469387C756E9CE8300B9CB7FAB1DD77143B42FA9E946	validation	2	user-owned-local-only	coarse
sony_dsc00600	8E59948E24C2C9D5F9DDC79B6E0106981A026E0CDA1143A0147D6B37E4AB6C29	49152000	user-raw://sony-canonical/DSC00600.ARW	ARW	sony-session-2026-05-24	sha256:8E59948E24C2C9D5F9DDC79B6E0106981A026E0CDA1143A0147D6B37E4AB6C29	validation	2	user-owned-local-only	coarse
sony_dsc00601	F69DF29E2030FF77FCEDCC51675C1CD77A784D8635119C9FF6CAF5CC4BE003D1	49086464	user-raw://sony-canonical/DSC00601.ARW	ARW	sony-session-2026-05-24	sha256:F69DF29E2030FF77FCEDCC51675C1CD77A784D8635119C9FF6CAF5CC4BE003D1	validation	2	user-owned-local-only	coarse
sony_dsc00602	568018970242A7138173F41BC3BED661BB78BD45E370784C336FD59F1C918F0C	49086464	user-raw://sony-canonical/DSC00602.ARW	ARW	sony-session-2026-05-24	sha256:568018970242A7138173F41BC3BED661BB78BD45E370784C336FD59F1C918F0C	validation	2	user-owned-local-only	coarse
sony_dsc00603	471E93809E8D4DD50DD9637403E6C62F15353BFDB158F49F4809D0A15DB2B53A	49086464	user-raw://sony-canonical/DSC00603.ARW	ARW	sony-session-2026-05-24	sha256:471E93809E8D4DD50DD9637403E6C62F15353BFDB158F49F4809D0A15DB2B53A	validation	2	user-owned-local-only	coarse
sony_dsc00604	B855A010F4E29F924932808F8EE04E46B25E9D973A626FE8ACCD6A113E27DCD1	49184768	user-raw://sony-canonical/DSC00604.ARW	ARW	sony-session-2026-05-24	sha256:B855A010F4E29F924932808F8EE04E46B25E9D973A626FE8ACCD6A113E27DCD1	validation	2	user-owned-local-only	coarse
sony_dsc00605	B3F580508F8DA490196058E12DE763A618E1D7F91792AE0CCDCCD63F4288847F	49381376	user-raw://sony-canonical/DSC00605.ARW	ARW	sony-session-2026-05-24	sha256:B3F580508F8DA490196058E12DE763A618E1D7F91792AE0CCDCCD63F4288847F	validation	2	user-owned-local-only	coarse
sony_dsc00606	3D3E48C17148999545E63C6853F0ED80F94CAE96D11CD0770F6756BB61CED98B	49545216	user-raw://sony-canonical/DSC00606.ARW	ARW	sony-session-2026-05-24	sha256:3D3E48C17148999545E63C6853F0ED80F94CAE96D11CD0770F6756BB61CED98B	validation	2	user-owned-local-only	coarse
sony_dsc00607	BEFD10AA0399F44B5223B49295B8858C67AA430DDB3D2D3093843DA8CB51CE46	49545216	user-raw://sony-canonical/DSC00607.ARW	ARW	sony-session-2026-05-24	sha256:BEFD10AA0399F44B5223B49295B8858C67AA430DDB3D2D3093843DA8CB51CE46	validation	2	user-owned-local-only	coarse
sony_dsc00608	403F64D609A5805F411EDD6B3CB707845CC5AF041AC6CA9F7AA55D61C9A57752	49577984	user-raw://sony-canonical/DSC00608.ARW	ARW	sony-session-2026-05-24	sha256:403F64D609A5805F411EDD6B3CB707845CC5AF041AC6CA9F7AA55D61C9A57752	validation	2	user-owned-local-only	coarse
sony_dsc00610	1862F19E5BFDFBB6EBD9E578D9318221CCDCB61520CA8F117AEE5B904F5B69F7	49152000	user-raw://sony-canonical/DSC00610.ARW	ARW	sony-session-2026-05-24	sha256:1862F19E5BFDFBB6EBD9E578D9318221CCDCB61520CA8F117AEE5B904F5B69F7	validation	2	user-owned-local-only	coarse
sony_dsc00611	E989BF33F7F8201C4F11423815AAE60487ACB3AA264DB411B768C6AC44C467E0	49184768	user-raw://sony-canonical/DSC00611.ARW	ARW	sony-session-2026-05-24	sha256:E989BF33F7F8201C4F11423815AAE60487ACB3AA264DB411B768C6AC44C467E0	validation	2	user-owned-local-only	coarse
sony_dsc00612	CDDE9A1120262026FCB8B2E302A9AB0E5ACBED6C9B71E01156D69B12544BC9F5	49184768	user-raw://sony-canonical/DSC00612.ARW	ARW	sony-session-2026-05-24	sha256:CDDE9A1120262026FCB8B2E302A9AB0E5ACBED6C9B71E01156D69B12544BC9F5	validation	2	user-owned-local-only	coarse
sony_dsc00613	1175265893D38F2DD8A05EB00264C46BC05B95EB0CF01E55C04A231DE7A9ACF3	49119232	user-raw://sony-canonical/DSC00613.ARW	ARW	sony-session-2026-05-24	sha256:1175265893D38F2DD8A05EB00264C46BC05B95EB0CF01E55C04A231DE7A9ACF3	validation	2	user-owned-local-only	coarse
sony_dsc00614	CB3F3D22D5EF45AA9E5BF7585ABAD29B0BC90010EEE07C63CF48EFE7CD5D8A14	49086464	user-raw://sony-canonical/DSC00614.ARW	ARW	sony-session-2026-05-24	sha256:CB3F3D22D5EF45AA9E5BF7585ABAD29B0BC90010EEE07C63CF48EFE7CD5D8A14	validation	2	user-owned-local-only	coarse
sony_dsc00615	07CFBDB3C221AA4337CFC982CA5221199CAFEFB26BDD05C462EA5429D77060A6	49153694	user-raw://sony-canonical/DSC00615.ARW	ARW	sony-session-2026-05-24	sha256:07CFBDB3C221AA4337CFC982CA5221199CAFEFB26BDD05C462EA5429D77060A6	validation	2	user-owned-local-only	coarse
sony_dsc00616	0733D45A03A62296187D9F095D5B269BCE801A655A41F41901FEB72F1C4EC667	49119232	user-raw://sony-canonical/DSC00616.ARW	ARW	sony-session-2026-05-24	sha256:0733D45A03A62296187D9F095D5B269BCE801A655A41F41901FEB72F1C4EC667	validation	2	user-owned-local-only	coarse
sony_dsc00617	11AAB76A7B7064BEED787019ACFD10C25F954FD6AF5B9419E7661B03D21E49D2	49152000	user-raw://sony-canonical/DSC00617.ARW	ARW	sony-session-2026-05-24	sha256:11AAB76A7B7064BEED787019ACFD10C25F954FD6AF5B9419E7661B03D21E49D2	validation	2	user-owned-local-only	coarse
sony_dsc00618	EA7F9A2D2812E13CCC10D42C69A57875865E1A847EEEADF4304D658F9E8D231C	49381376	user-raw://sony-canonical/DSC00618.ARW	ARW	sony-session-2026-05-24	sha256:EA7F9A2D2812E13CCC10D42C69A57875865E1A847EEEADF4304D658F9E8D231C	validation	2	user-owned-local-only	coarse
sony_dsc00619	72D6046B85D3F7E7974217F7ED8C2A375BB3A81DA681653A830222D413A9BDD1	49381376	user-raw://sony-canonical/DSC00619.ARW	ARW	sony-session-2026-05-24	sha256:72D6046B85D3F7E7974217F7ED8C2A375BB3A81DA681653A830222D413A9BDD1	validation	2	user-owned-local-only	coarse
sony_dsc00620	5870C401D175C4ACB821F547E9DC5C0C3A932C394AC4780E82DC376327C1C2AD	49381376	user-raw://sony-canonical/DSC00620.ARW	ARW	sony-session-2026-05-24	sha256:5870C401D175C4ACB821F547E9DC5C0C3A932C394AC4780E82DC376327C1C2AD	validation	2	user-owned-local-only	coarse
sony_dsc00621	E71A2E8FA7255FDD476A06B285169E009929D463256EC2EA2CE0A8BCCA74FF4B	49381376	user-raw://sony-canonical/DSC00621.ARW	ARW	sony-session-2026-05-24	sha256:E71A2E8FA7255FDD476A06B285169E009929D463256EC2EA2CE0A8BCCA74FF4B	validation	2	user-owned-local-only	coarse
sony_dsc00622	F295CC78CA57D2E443D1894A3861245A7F574A2E9751F42CB9666EA9A0CE51BC	49381376	user-raw://sony-canonical/DSC00622.ARW	ARW	sony-session-2026-05-24	sha256:F295CC78CA57D2E443D1894A3861245A7F574A2E9751F42CB9666EA9A0CE51BC	validation	2	user-owned-local-only	coarse
sony_dsc00623	C0F387B75300BDCE6FAE7DB4B0831956275EC40FB0BE9710F5289B0127E565AB	49381376	user-raw://sony-canonical/DSC00623.ARW	ARW	sony-session-2026-05-24	sha256:C0F387B75300BDCE6FAE7DB4B0831956275EC40FB0BE9710F5289B0127E565AB	validation	2	user-owned-local-only	coarse
sony_dsc00624	43F66DE54408CC8EF15301C805AA8D5D33D1F3C4387377CF5B1782FF9772AF29	49217536	user-raw://sony-canonical/DSC00624.ARW	ARW	sony-session-2026-05-24	sha256:43F66DE54408CC8EF15301C805AA8D5D33D1F3C4387377CF5B1782FF9772AF29	validation	2	user-owned-local-only	coarse
sony_dsc00625	EB609F14F7D1C83718A78C624A7B415922B8025FE7DA16BAB20E95B1C3FB13C8	49283072	user-raw://sony-canonical/DSC00625.ARW	ARW	sony-session-2026-05-24	sha256:EB609F14F7D1C83718A78C624A7B415922B8025FE7DA16BAB20E95B1C3FB13C8	validation	2	user-owned-local-only	coarse
sony_dsc00626	92DB7CDC0C96A9483CE198BB01D8EFBACCF6CF6846E3AF5F4E771FF3BAFAF5CC	49283072	user-raw://sony-canonical/DSC00626.ARW	ARW	sony-session-2026-05-24	sha256:92DB7CDC0C96A9483CE198BB01D8EFBACCF6CF6846E3AF5F4E771FF3BAFAF5CC	validation	2	user-owned-local-only	coarse
sony_dsc00627	5EBC41FA63EB926059CBFDCB22516AF1C3A0E5990AB3C77EEA3324EE3BFEED07	49283072	user-raw://sony-canonical/DSC00627.ARW	ARW	sony-session-2026-05-24	sha256:5EBC41FA63EB926059CBFDCB22516AF1C3A0E5990AB3C77EEA3324EE3BFEED07	validation	2	user-owned-local-only	coarse
sony_dsc00628	799E190C6AEE7CA8C32FC4687095BE691ADC6223FA39470FB888DE013291568A	49250304	user-raw://sony-canonical/DSC00628.ARW	ARW	sony-session-2026-05-24	sha256:799E190C6AEE7CA8C32FC4687095BE691ADC6223FA39470FB888DE013291568A	validation	2	user-owned-local-only	coarse
sony_dsc00629	2EE27BD98C5B0AACBBC4F57C5EDFC362A21D776156F24C52B67776EEF07328E4	49283072	user-raw://sony-canonical/DSC00629.ARW	ARW	sony-session-2026-05-24	sha256:2EE27BD98C5B0AACBBC4F57C5EDFC362A21D776156F24C52B67776EEF07328E4	validation	2	user-owned-local-only	coarse
sony_dsc00630	B70CBBC73F78B74BC06052321D2C1F1EDF85F6FFBF3BEADFA221B8F46CD583E8	49250304	user-raw://sony-canonical/DSC00630.ARW	ARW	sony-session-2026-05-24	sha256:B70CBBC73F78B74BC06052321D2C1F1EDF85F6FFBF3BEADFA221B8F46CD583E8	validation	2	user-owned-local-only	coarse
sony_dsc00631	FB6FA17044C061D8E50D0F58D2F22BDCC35A099D698109B1786D07DBD9B11404	49053696	user-raw://sony-canonical/DSC00631.ARW	ARW	sony-session-2026-05-24	sha256:FB6FA17044C061D8E50D0F58D2F22BDCC35A099D698109B1786D07DBD9B11404	validation	2	user-owned-local-only	coarse
sony_dsc00632	4C7B241E8E3CDFDA318F615A38E1CC359D7B4C7346419A7665066001D68A73D9	49446912	user-raw://sony-canonical/DSC00632.ARW	ARW	sony-session-2026-05-24	sha256:4C7B241E8E3CDFDA318F615A38E1CC359D7B4C7346419A7665066001D68A73D9	validation	2	user-owned-local-only	coarse
sony_dsc00633	0191A60D5D0E1625CC2293E83FE18109CEC4FA4414DCE21FD8C0D4053712790A	49283072	user-raw://sony-canonical/DSC00633.ARW	ARW	sony-session-2026-05-24	sha256:0191A60D5D0E1625CC2293E83FE18109CEC4FA4414DCE21FD8C0D4053712790A	validation	2	user-owned-local-only	coarse
sony_dsc00634	3F9DCCA185AD39FC11F9F5C8687EE39883F67C6F650702E755777FB996246043	49283072	user-raw://sony-canonical/DSC00634.ARW	ARW	sony-session-2026-05-24	sha256:3F9DCCA185AD39FC11F9F5C8687EE39883F67C6F650702E755777FB996246043	validation	2	user-owned-local-only	coarse
sony_dsc00635	30B68A7C0A850AE142DD6BBA22D79B85D6432244B66A1BB770A1AE570BEA04F8	49250304	user-raw://sony-canonical/DSC00635.ARW	ARW	sony-session-2026-05-24	sha256:30B68A7C0A850AE142DD6BBA22D79B85D6432244B66A1BB770A1AE570BEA04F8	validation	2	user-owned-local-only	coarse
sony_dsc00636	4BFDC9C5E8B04C0A4FD84862198C35C27A7018A9FC5A88BBCDC4669D54FB8EEF	49250304	user-raw://sony-canonical/DSC00636.ARW	ARW	sony-session-2026-05-24	sha256:4BFDC9C5E8B04C0A4FD84862198C35C27A7018A9FC5A88BBCDC4669D54FB8EEF	validation	2	user-owned-local-only	coarse
sony_dsc00637	F424CAB9176EB7EB4DA869750B9A1CB331920C94B067BE94C591F832BF6306C6	49250304	user-raw://sony-canonical/DSC00637.ARW	ARW	sony-session-2026-05-24	sha256:F424CAB9176EB7EB4DA869750B9A1CB331920C94B067BE94C591F832BF6306C6	validation	2	user-owned-local-only	coarse
sony_dsc00638	F9B702B0B33F54DDCF41BF4493135A1BB993BA9EF7EEC4B32BF0C8B105C74342	49250304	user-raw://sony-canonical/DSC00638.ARW	ARW	sony-session-2026-05-24	sha256:F9B702B0B33F54DDCF41BF4493135A1BB993BA9EF7EEC4B32BF0C8B105C74342	validation	2	user-owned-local-only	coarse
sony_dsc00639	554B2F2E7E52140633B51B180286C33D292FAFAD4068511A54FD18BB087C3EC9	49250304	user-raw://sony-canonical/DSC00639.ARW	ARW	sony-session-2026-05-24	sha256:554B2F2E7E52140633B51B180286C33D292FAFAD4068511A54FD18BB087C3EC9	validation	2	user-owned-local-only	coarse
sony_dsc00640	235F9AE66A18D91B923468BCB10A14255D0BEE04CCABC1F84D2068388F420AFC	49250304	user-raw://sony-canonical/DSC00640.ARW	ARW	sony-session-2026-05-24	sha256:235F9AE66A18D91B923468BCB10A14255D0BEE04CCABC1F84D2068388F420AFC	validation	2	user-owned-local-only	coarse
sony_dsc00641	6BB5A49D7EF3692B7D196FDEC7EEDC8816F32BD4954A6CAE9655E0384A3318D7	49250304	user-raw://sony-canonical/DSC00641.ARW	ARW	sony-session-2026-05-24	sha256:6BB5A49D7EF3692B7D196FDEC7EEDC8816F32BD4954A6CAE9655E0384A3318D7	validation	2	user-owned-local-only	coarse
sony_dsc00642	F392391700C071E87D2C3019289053B6369C3AB2447F90ACAACD90A6240FCBEA	49250304	user-raw://sony-canonical/DSC00642.ARW	ARW	sony-session-2026-05-24	sha256:F392391700C071E87D2C3019289053B6369C3AB2447F90ACAACD90A6240FCBEA	validation	2	user-owned-local-only	coarse
sony_dsc00643	E2BAB0E19A952BD7992BCADFC6202A288DF620AD4C8BB655344FC43CB82E5078	49217536	user-raw://sony-canonical/DSC00643.ARW	ARW	sony-session-2026-05-24	sha256:E2BAB0E19A952BD7992BCADFC6202A288DF620AD4C8BB655344FC43CB82E5078	validation	2	user-owned-local-only	coarse
sony_dsc00644	0CF40DDC089101EA4C1D6653A74FD2EB235A1D871BD61ED4C7E7A445C44C9FFE	49250304	user-raw://sony-canonical/DSC00644.ARW	ARW	sony-session-2026-05-24	sha256:0CF40DDC089101EA4C1D6653A74FD2EB235A1D871BD61ED4C7E7A445C44C9FFE	validation	2	user-owned-local-only	coarse
sony_dsc00645	DB81C422A9FEC99F0123228BDAB10C5199EC26DC370EBBA46C86AE019A9AC476	49250304	user-raw://sony-canonical/DSC00645.ARW	ARW	sony-session-2026-05-24	sha256:DB81C422A9FEC99F0123228BDAB10C5199EC26DC370EBBA46C86AE019A9AC476	validation	2	user-owned-local-only	coarse
sony_dsc00646	310146A352A82C61151A3AB2DF91B6A021AC3874470B2919F5BF2C7C47DBF0B7	49250304	user-raw://sony-canonical/DSC00646.ARW	ARW	sony-session-2026-05-24	sha256:310146A352A82C61151A3AB2DF91B6A021AC3874470B2919F5BF2C7C47DBF0B7	validation	2	user-owned-local-only	coarse
sony_dsc00647	43EE2909341A123493A31C7443C59BF0514C62048625328754640C37CB1539E9	49250304	user-raw://sony-canonical/DSC00647.ARW	ARW	sony-session-2026-05-24	sha256:43EE2909341A123493A31C7443C59BF0514C62048625328754640C37CB1539E9	validation	2	user-owned-local-only	coarse
sony_dsc00648	6A0315BAA626EB9897B84C42BC4CC870AA8363575F2EFDBFF165AF322C97F56E	49217536	user-raw://sony-canonical/DSC00648.ARW	ARW	sony-session-2026-05-24	sha256:6A0315BAA626EB9897B84C42BC4CC870AA8363575F2EFDBFF165AF322C97F56E	validation	2	user-owned-local-only	coarse
sony_dsc00650	A72E41B9E3957A971FDDDF1B456B9F6308FEF380DBDA49D142141ED2026CDF60	49283072	user-raw://sony-canonical/DSC00650.ARW	ARW	sony-session-2026-05-24	sha256:A72E41B9E3957A971FDDDF1B456B9F6308FEF380DBDA49D142141ED2026CDF60	validation	2	user-owned-local-only	coarse
sony_dsc00651	C1CB7FDF60AEDD5931AC2045326F279F3DA69E643EE1BDC074A497C73CCFD803	49315840	user-raw://sony-canonical/DSC00651.ARW	ARW	sony-session-2026-05-24	sha256:C1CB7FDF60AEDD5931AC2045326F279F3DA69E643EE1BDC074A497C73CCFD803	validation	2	user-owned-local-only	coarse
sony_dsc00652	28B34260A3943C71720D342AF1469D8EE604BD1EB579DCA9DA8FB297E66C18B8	49315840	user-raw://sony-canonical/DSC00652.ARW	ARW	sony-session-2026-05-24	sha256:28B34260A3943C71720D342AF1469D8EE604BD1EB579DCA9DA8FB297E66C18B8	validation	2	user-owned-local-only	coarse
sony_dsc00653	CCD8619E9A64C16B7193459BFB556F08025C3240B1291EE3BFA82331CDF83EB6	49315840	user-raw://sony-canonical/DSC00653.ARW	ARW	sony-session-2026-05-24	sha256:CCD8619E9A64C16B7193459BFB556F08025C3240B1291EE3BFA82331CDF83EB6	validation	2	user-owned-local-only	coarse
sony_dsc00654	138FF0448E97F4C4A94E57F8ACB0C3D5BCCB4BC31274B87DC2F5D6FCF070BABE	49315840	user-raw://sony-canonical/DSC00654.ARW	ARW	sony-session-2026-05-24	sha256:138FF0448E97F4C4A94E57F8ACB0C3D5BCCB4BC31274B87DC2F5D6FCF070BABE	validation	2	user-owned-local-only	coarse
sony_dsc00655	A6DB56D731B2BF1078BE8053AF9F0AF791FA34DE2422D45C663FEFA88DF565D6	49283072	user-raw://sony-canonical/DSC00655.ARW	ARW	sony-session-2026-05-24	sha256:A6DB56D731B2BF1078BE8053AF9F0AF791FA34DE2422D45C663FEFA88DF565D6	validation	2	user-owned-local-only	coarse
sony_dsc00656	44C32F9FC6DF3DBBECAF4F4738939CD6441A0D6912BF602EECE600CF0BEF563F	49184768	user-raw://sony-canonical/DSC00656.ARW	ARW	sony-session-2026-05-24	sha256:44C32F9FC6DF3DBBECAF4F4738939CD6441A0D6912BF602EECE600CF0BEF563F	validation	2	user-owned-local-only	coarse
sony_dsc00657	B56707CDB7F0A435D703903B0A62771BF8AC6B72E5D2375968A9FE4901AE82B8	49217536	user-raw://sony-canonical/DSC00657.ARW	ARW	sony-session-2026-05-24	sha256:B56707CDB7F0A435D703903B0A62771BF8AC6B72E5D2375968A9FE4901AE82B8	validation	2	user-owned-local-only	coarse
sony_dsc00658	5E6BB502399B8181507605AC54292B458C94825A65E6BD30BCD8E88792B835D2	49217536	user-raw://sony-canonical/DSC00658.ARW	ARW	sony-session-2026-05-24	sha256:5E6BB502399B8181507605AC54292B458C94825A65E6BD30BCD8E88792B835D2	validation	2	user-owned-local-only	coarse
sony_dsc00659	92E1A6CAFE3A93CD18C871C0656B11EFE0FDB43651654F609CB11BFDFCF92504	49184768	user-raw://sony-canonical/DSC00659.ARW	ARW	sony-session-2026-05-24	sha256:92E1A6CAFE3A93CD18C871C0656B11EFE0FDB43651654F609CB11BFDFCF92504	validation	2	user-owned-local-only	coarse
sony_dsc00660	6E0B7D7D24C9ECC25CE2E41021CDC593035C2B0899954589A36E99D9AD84A4D2	49184768	user-raw://sony-canonical/DSC00660.ARW	ARW	sony-session-2026-05-24	sha256:6E0B7D7D24C9ECC25CE2E41021CDC593035C2B0899954589A36E99D9AD84A4D2	validation	2	user-owned-local-only	coarse
sony_dsc00661	EC915287AFE2844310EA4901BFEBF22841D499F97E008572FB2387C9E73D4CB2	49315840	user-raw://sony-canonical/DSC00661.ARW	ARW	sony-session-2026-05-24	sha256:EC915287AFE2844310EA4901BFEBF22841D499F97E008572FB2387C9E73D4CB2	validation	2	user-owned-local-only	coarse
sony_dsc00662	5C6C4C427C71CE0BBBC51AE6D62154AF26463E739270DD14590EB18BDB1A36D2	49250304	user-raw://sony-canonical/DSC00662.ARW	ARW	sony-session-2026-05-24	sha256:5C6C4C427C71CE0BBBC51AE6D62154AF26463E739270DD14590EB18BDB1A36D2	validation	2	user-owned-local-only	coarse
sony_dsc00664	B6F0276ED8D938E703238442276C783171982AB7AD0B821B371F02BD8D97D0A4	49152000	user-raw://sony-canonical/DSC00664.ARW	ARW	sony-session-2026-05-24	sha256:B6F0276ED8D938E703238442276C783171982AB7AD0B821B371F02BD8D97D0A4	validation	2	user-owned-local-only	coarse
sony_dsc00665	8D0CD744B6E5D6C7653483B08BAE5B3A90A334C924AE8CBD0A3C43996B21A43D	49119232	user-raw://sony-canonical/DSC00665.ARW	ARW	sony-session-2026-05-24	sha256:8D0CD744B6E5D6C7653483B08BAE5B3A90A334C924AE8CBD0A3C43996B21A43D	validation	2	user-owned-local-only	coarse
sony_dsc00666	4ED564DD32AA6C5ECB043679C0A716D1CDC2A4384ABD6D69F6BCE70D566F5787	49119232	user-raw://sony-canonical/DSC00666.ARW	ARW	sony-session-2026-05-24	sha256:4ED564DD32AA6C5ECB043679C0A716D1CDC2A4384ABD6D69F6BCE70D566F5787	validation	2	user-owned-local-only	coarse
sony_dsc00667	8AD4259AF8AEC3859DDBFFA204B8563C1AFA6844631D1B28ECBE2C7D6F7D1835	49217536	user-raw://sony-canonical/DSC00667.ARW	ARW	sony-session-2026-05-24	sha256:8AD4259AF8AEC3859DDBFFA204B8563C1AFA6844631D1B28ECBE2C7D6F7D1835	validation	2	user-owned-local-only	coarse
sony_dsc00668	4D5B6A82DC4520B00C3727050AF6311EA8EA52C5CFA472C7E8E8AC71C1BD2D76	49217536	user-raw://sony-canonical/DSC00668.ARW	ARW	sony-session-2026-05-24	sha256:4D5B6A82DC4520B00C3727050AF6311EA8EA52C5CFA472C7E8E8AC71C1BD2D76	validation	2	user-owned-local-only	coarse
sony_dsc00669	706F832D72E2BD9E03CDFDFEFC51BE13FB3B03B64D3F5C1C243A64B643FC9D41	49217536	user-raw://sony-canonical/DSC00669.ARW	ARW	sony-session-2026-05-24	sha256:706F832D72E2BD9E03CDFDFEFC51BE13FB3B03B64D3F5C1C243A64B643FC9D41	validation	2	user-owned-local-only	coarse
sony_dsc00670	7489C9E054B315A1472BB1EE2494A29AC329168CD78974B6B3F3CFA632D2A1E1	49283072	user-raw://sony-canonical/DSC00670.ARW	ARW	sony-session-2026-05-24	sha256:7489C9E054B315A1472BB1EE2494A29AC329168CD78974B6B3F3CFA632D2A1E1	validation	2	user-owned-local-only	coarse
sony_dsc00671	70872F3CCE2C282362E79A217B3B3B6DDF4DA833F4E41662C8A200E12653AFFB	49184768	user-raw://sony-canonical/DSC00671.ARW	ARW	sony-session-2026-05-24	sha256:70872F3CCE2C282362E79A217B3B3B6DDF4DA833F4E41662C8A200E12653AFFB	validation	2	user-owned-local-only	coarse
sony_dsc00672	538012ABAD5FA3502FFA66337798B79DF82ECB65276312EEDBDD9969FE182B51	49217536	user-raw://sony-canonical/DSC00672.ARW	ARW	sony-session-2026-05-24	sha256:538012ABAD5FA3502FFA66337798B79DF82ECB65276312EEDBDD9969FE182B51	validation	2	user-owned-local-only	coarse
sony_dsc00673	3D8ABF206CB79477BFB71BCAFE16427C4F22F695C08C0D3037688CAF0306F3FE	49250304	user-raw://sony-canonical/DSC00673.ARW	ARW	sony-session-2026-05-24	sha256:3D8ABF206CB79477BFB71BCAFE16427C4F22F695C08C0D3037688CAF0306F3FE	validation	2	user-owned-local-only	coarse
sony_dsc00674	1197261D2063AA91C94857162A848706FEF879CC0647BCACB601F0D7F1295047	49446912	user-raw://sony-canonical/DSC00674.ARW	ARW	sony-session-2026-05-24	sha256:1197261D2063AA91C94857162A848706FEF879CC0647BCACB601F0D7F1295047	validation	2	user-owned-local-only	coarse
sony_dsc00675	DAF315D6021FD3CC351DC9B1486D17AA560F03798E2B68FCB64BBB8AC76829C7	48988160	user-raw://sony-canonical/DSC00675.ARW	ARW	sony-session-2026-05-24	sha256:DAF315D6021FD3CC351DC9B1486D17AA560F03798E2B68FCB64BBB8AC76829C7	validation	2	user-owned-local-only	coarse
sony_dsc00676	455B11B58CC4E05E00F3C4EDAD27EF7C625EF19211E158D5C4F3E0D2B736B84F	48988160	user-raw://sony-canonical/DSC00676.ARW	ARW	sony-session-2026-05-24	sha256:455B11B58CC4E05E00F3C4EDAD27EF7C625EF19211E158D5C4F3E0D2B736B84F	validation	2	user-owned-local-only	coarse
sony_dsc00677	6208D113E3303384B0A63566D411ACAD478F4337804D21B4E251A494B44EE0B7	48988160	user-raw://sony-canonical/DSC00677.ARW	ARW	sony-session-2026-05-24	sha256:6208D113E3303384B0A63566D411ACAD478F4337804D21B4E251A494B44EE0B7	validation	2	user-owned-local-only	coarse
sony_dsc00678	D54E7AD4C194CC580C755C96C0347E62D0B628E6F394A7CADA85574FC160554C	48988160	user-raw://sony-canonical/DSC00678.ARW	ARW	sony-session-2026-05-24	sha256:D54E7AD4C194CC580C755C96C0347E62D0B628E6F394A7CADA85574FC160554C	validation	2	user-owned-local-only	coarse
sony_dsc00679	E07CAB128DA5FB150E4297496E5A54187269B34265E506B67146019C466B085B	49348608	user-raw://sony-canonical/DSC00679.ARW	ARW	sony-session-2026-05-24	sha256:E07CAB128DA5FB150E4297496E5A54187269B34265E506B67146019C466B085B	validation	2	user-owned-local-only	coarse
sony_dsc00680	C73DF0C07731BAFDDDBFEDE94898A15D2449A8D9EE7C547E337B085A52C0A85C	49348608	user-raw://sony-canonical/DSC00680.ARW	ARW	sony-session-2026-05-24	sha256:C73DF0C07731BAFDDDBFEDE94898A15D2449A8D9EE7C547E337B085A52C0A85C	validation	2	user-owned-local-only	coarse
sony_dsc00681	CC5F889D28695E4AFC8D3CDA28C07572F2BECF82EBA81E0284359E5E7356D5C2	49250304	user-raw://sony-canonical/DSC00681.ARW	ARW	sony-session-2026-05-24	sha256:CC5F889D28695E4AFC8D3CDA28C07572F2BECF82EBA81E0284359E5E7356D5C2	validation	2	user-owned-local-only	coarse
sony_dsc00682	5993A35F1C25F0C771F7944BB5F018ACF55B9DAAB0E74F41EB874E4B774C3D66	49315840	user-raw://sony-canonical/DSC00682.ARW	ARW	sony-session-2026-05-24	sha256:5993A35F1C25F0C771F7944BB5F018ACF55B9DAAB0E74F41EB874E4B774C3D66	validation	2	user-owned-local-only	coarse
sony_dsc00683	99AD18AF5133CA6EFF917267B9EF590F31B8E6622C93C564EC1E17D5E897F267	49348608	user-raw://sony-canonical/DSC00683.ARW	ARW	sony-session-2026-05-24	sha256:99AD18AF5133CA6EFF917267B9EF590F31B8E6622C93C564EC1E17D5E897F267	validation	2	user-owned-local-only	coarse
tennis_img_260608_203425	8B0D8D7703B894B4E16FAAE2A6841E731649B403272296CCD5559C6B7875A254	8876522	user-raw://tennis/IMG_260608_203425.dng	DNG	tennis-2026-06-08	sha256:8B0D8D7703B894B4E16FAAE2A6841E731649B403272296CCD5559C6B7875A254	development	1	user-owned-local-only	coarse
tennis_img_260608_203532	89881D32B47FD4C54610955AFDA291160792B93A0A87858E0DFC9D5BECAD0ED5	11830358	user-raw://tennis/IMG_260608_203532.dng	DNG	tennis-2026-06-08	sha256:89881D32B47FD4C54610955AFDA291160792B93A0A87858E0DFC9D5BECAD0ED5	development	1	user-owned-local-only	coarse
tennis_img_260608_203701	83388B0F53A7B046426BE56A9D8E9D11BC464EF797EF8B149AD98FC4B8F7326A	12234872	user-raw://tennis/IMG_260608_203701.dng	DNG	tennis-2026-06-08	sha256:83388B0F53A7B046426BE56A9D8E9D11BC464EF797EF8B149AD98FC4B8F7326A	development	1	user-owned-local-only	coarse
tennis_img_260608_204709	348338C2E12EF77F45F4E7564B63097FF573E0E43696E60F0AFEEBBC9A02B245	8511306	user-raw://tennis/IMG_260608_204709.dng	DNG	tennis-2026-06-08	sha256:348338C2E12EF77F45F4E7564B63097FF573E0E43696E60F0AFEEBBC9A02B245	development	1	user-owned-local-only	coarse
tennis_img_260608_204710	31065F4B0193D3E409AB5D7A1509A20E5F8FA1A0F76915E45FFD835A00A86566	8496730	user-raw://tennis/IMG_260608_204710.dng	DNG	tennis-2026-06-08	sha256:31065F4B0193D3E409AB5D7A1509A20E5F8FA1A0F76915E45FFD835A00A86566	development	1	user-owned-local-only	coarse
tennis_img_260608_204712	075A02931DCE6DC530194DB87B942FFD5FB59B95D2C984A6DACACB358B43942F	8536406	user-raw://tennis/IMG_260608_204712.dng	DNG	tennis-2026-06-08	sha256:075A02931DCE6DC530194DB87B942FFD5FB59B95D2C984A6DACACB358B43942F	development	1	user-owned-local-only	coarse
tennis_img_260608_204713_1_	F3A9157812C4CCAB31B50777F51AB8E5CE854CDEE296E00A7D0FFF70C9855ED3	8515770	user-raw://tennis/IMG_260608_204713 (1).dng	DNG	tennis-2026-06-08	sha256:F3A9157812C4CCAB31B50777F51AB8E5CE854CDEE296E00A7D0FFF70C9855ED3	development	1	user-owned-local-only	coarse
tennis_img_260608_204713	39EAD3A69CC4FD419FCC3F5C916BB305ABDCE4A03E59818854F54764AB93D730	8545722	user-raw://tennis/IMG_260608_204713.dng	DNG	tennis-2026-06-08	sha256:39EAD3A69CC4FD419FCC3F5C916BB305ABDCE4A03E59818854F54764AB93D730	development	1	user-owned-local-only	coarse
