session_id	received_on	source_path	source_kind	status	topics_created	needs_user_decision	notes
idea-20260703-0133-slice-video-graph-notes	2026-07-03 01:33	docs/stack-documentation/Archived/source-notes/2026/2026-07-03-0133-slice-video-graph-notes.md	pasted-text	complete	idea/editor; idea/editor; question/architecture; research/composite	no	routed_paths=Current/engineering/editor/2026-07-03-slice-import-video-and-inspector-direction.md|Current/engineering/editor/2026-07-03-ui-parameter-debug-menu-and-figma-handoff.md|Current/engineering/architecture/2026-07-03-compositing-workflow-and-graph-direction-questions.md|Info/engineering/composite/2026-07-03-timeline-keyframe-and-video-export-research.md; verification=partial; merge_candidate=none
idea-20260706-0008-timeline-video-export-foundation	2026-07-06 00:08	docs/stack-documentation/Archived/source-notes/2026/2026-07-06-0008-timeline-video-export-foundation.md	pasted-text	complete	idea/motion-graphics; update/motion-graphics; research/video-export	no	routed_paths=Current/engineering/motion-graphics/timeline-video-export-foundation/README.md|Current/engineering/motion-graphics/timeline-video-export-foundation/requirements-capture.md|Current/engineering/motion-graphics/timeline-video-export-foundation/chain-and-track-model.md|Current/engineering/motion-graphics/timeline-video-export-foundation/keyframing-ux-options.md|Current/engineering/motion-graphics/timeline-video-export-foundation/export-backend-and-packaging.md|Current/engineering/motion-graphics/timeline-video-export-foundation/code-research-plan.md|Current/engineering/motion-graphics/timeline-video-export-foundation/open-questions.md|Current/engineering/motion-graphics/timeline-video-export-foundation/implementation-agent-context.md; verification=partial-docs-only; merge_candidate=motion-graphics-workstream-sibling-folder
idea-20260706-0038-timeline-technical-answers	2026-07-06 00:38	docs/stack-documentation/Archived/source-notes/2026/2026-07-06-0038-timeline-technical-answers.md	pasted-text	complete	update/motion-graphics; question/video-export; research/dependency-packaging	no	routed_paths=Current/engineering/motion-graphics/timeline-video-export-foundation/technical-decisions.md|Current/engineering/motion-graphics/timeline-video-export-foundation/technical-explanations.md|Current/engineering/motion-graphics/timeline-video-export-foundation/chain-and-track-model.md|Current/engineering/motion-graphics/timeline-video-export-foundation/keyframing-ux-options.md|Current/engineering/motion-graphics/timeline-video-export-foundation/export-backend-and-packaging.md|Current/engineering/motion-graphics/timeline-video-export-foundation/open-questions.md|Current/engineering/motion-graphics/timeline-video-export-foundation/implementation-agent-context.md; verification=user-confirmed-plus-local-and-official-source-research; merge_candidate=timeline-video-export-foundation
idea-20260706-1226-frame-export-ffmpeg-confirmation	2026-07-06 12:26	docs/stack-documentation/Archived/source-notes/2026/2026-07-06-1226-frame-export-ffmpeg-confirmation.md	pasted-text	complete	update/motion-graphics; decision/video-export; research/dependency-packaging	no	routed_paths=Current/engineering/motion-graphics/timeline-video-export-foundation/technical-decisions.md|Current/engineering/motion-graphics/timeline-video-export-foundation/technical-explanations.md|Current/engineering/motion-graphics/timeline-video-export-foundation/export-backend-and-packaging.md|Current/engineering/motion-graphics/timeline-video-export-foundation/open-questions.md|Current/engineering/motion-graphics/timeline-video-export-foundation/implementation-agent-context.md|Current/engineering/motion-graphics/open-decisions.md; verification=user-confirmed-plus-prior-official-source-research; merge_candidate=timeline-video-export-foundation
idea-20260706-2158-timeline-ux-keyframe-controls	2026-07-06 21:58	docs/stack-documentation/Archived/source-notes/2026/2026-07-06-2158-timeline-ux-keyframe-controls.md	pasted-text	complete	idea/motion-graphics; update/timeline-ux; research/timeline-keyframing	no	routed_paths=Current/engineering/motion-graphics/timeline-video-export-foundation/2026-07-06-timeline-ux-keyframe-controls.md|Current/engineering/motion-graphics/timeline-video-export-foundation/research-backlog.md|Current/engineering/motion-graphics/timeline-video-export-foundation/README.md|Current/engineering/motion-graphics/timeline-video-export-foundation/keyframing-ux-options.md|Current/engineering/motion-graphics/timeline-video-export-foundation/technical-decisions.md|Current/engineering/motion-graphics/timeline-video-export-foundation/open-questions.md|Current/engineering/motion-graphics/timeline-video-export-foundation/export-backend-and-packaging.md|Current/engineering/motion-graphics/timeline-video-export-foundation/code-research-plan.md|Current/engineering/motion-graphics/timeline-video-export-foundation/implementation-progress.md|Current/engineering/motion-graphics/timeline-video-export-foundation/implementation-agent-context.md; verification=partial-docs-and-current-pass-context; merge_candidate=timeline-video-export-foundation
idea-20260706-2250-timeline-realtime-editing-followups	2026-07-06 22:50	docs/stack-documentation/Archived/source-notes/2026/2026-07-06-2250-timeline-realtime-editing-followups.md	pasted-text	complete	idea/motion-graphics; fix/timeline-editing; research/timeline-keyframing	no	routed_paths=Current/engineering/motion-graphics/timeline-video-export-foundation/2026-07-06-timeline-realtime-editing-followups.md|Current/engineering/motion-graphics/timeline-video-export-foundation/research-backlog.md|Current/engineering/motion-graphics/timeline-video-export-foundation/open-questions.md|Current/engineering/motion-graphics/timeline-video-export-foundation/keyframing-ux-options.md|Current/engineering/motion-graphics/timeline-video-export-foundation/code-research-plan.md|Current/engineering/motion-graphics/timeline-video-export-foundation/implementation-progress.md|Current/engineering/motion-graphics/timeline-video-export-foundation/implementation-agent-context.md; verification=partial-docs-and-current-code-search; merge_candidate=timeline-video-export-foundation
idea-20260709-1841-iterative-raw-solver-research	2026-07-09 18:41	docs/stack-documentation/Archived/source-notes/2026/2026-07-09-1841-iterative-raw-solver-research.md	pasted-text	complete	research/iterative-raw-solver; update/auto-starting-point	no	routed_paths=Current/raw-tab-ui-overhaul/auto-starting-point/iterative-raw-solver-research/README.md|Current/raw-tab-ui-overhaul/auto-starting-point/iterative-raw-solver-research/research-session-handoff.md|Current/raw-tab-ui-overhaul/auto-starting-point/iterative-raw-solver-research/current-system-audit.md|Current/raw-tab-ui-overhaul/auto-starting-point/iterative-raw-solver-research/data-domains-and-pipeline-order.md|Current/raw-tab-ui-overhaul/auto-starting-point/iterative-raw-solver-research/measurement-and-feature-catalog.md|Current/raw-tab-ui-overhaul/auto-starting-point/iterative-raw-solver-research/objective-function-and-constraints.md|Current/raw-tab-ui-overhaul/auto-starting-point/iterative-raw-solver-research/optimizer-and-convergence-design.md|Current/raw-tab-ui-overhaul/auto-starting-point/iterative-raw-solver-research/validation-data-and-experiments.md|Current/raw-tab-ui-overhaul/auto-starting-point/iterative-raw-solver-research/source-ledger.md; verification=partial-current-code-primary-papers-standards-and-official-docs; merge_candidate=auto-starting-point-sibling-folder
idea-20260709-1902-iterative-solver-phase-program	2026-07-09 19:02	docs/stack-documentation/Archived/source-notes/2026/2026-07-09-1902-iterative-solver-phase-program.md	pasted-text	complete	update/iterative-raw-solver; idea/guided-implementation-phases	no	routed_paths=Current/raw-tab-ui-overhaul/auto-starting-point/iterative-raw-solver-phases/README.md|Current/raw-tab-ui-overhaul/auto-starting-point/iterative-raw-solver-phases/program-contract.md|Current/raw-tab-ui-overhaul/auto-starting-point/iterative-raw-solver-phases/checkpoint-protocol.md|Current/raw-tab-ui-overhaul/auto-starting-point/iterative-raw-solver-phases/research-dependency-map.md|Current/raw-tab-ui-overhaul/auto-starting-point/iterative-raw-solver-phases/phase-00-research-closure-and-baseline.md|Current/raw-tab-ui-overhaul/auto-starting-point/iterative-raw-solver-phases/phase-01-raw-evidence-foundation.md|Current/raw-tab-ui-overhaul/auto-starting-point/iterative-raw-solver-phases/phase-02-feature-reliability.md|Current/raw-tab-ui-overhaul/auto-starting-point/iterative-raw-solver-phases/phase-03-candidate-engine-and-objective-surfaces.md|Current/raw-tab-ui-overhaul/auto-starting-point/iterative-raw-solver-phases/phase-04-optimizer-selection.md|Current/raw-tab-ui-overhaul/auto-starting-point/iterative-raw-solver-phases/phase-05-dry-run-precise-solver.md|Current/raw-tab-ui-overhaul/auto-starting-point/iterative-raw-solver-phases/phase-06-visible-one-click-integration.md|Current/raw-tab-ui-overhaul/auto-starting-point/iterative-raw-solver-phases/phase-07-product-validation-and-completion.md; verification=current-docs-research-and-product-boundary; merge_candidate=auto-starting-point-new-sibling-folder
idea-20260715-1453-node-math-rewrite-direction	2026-07-15 14:53	docs/stack-documentation/Archived/source-notes/2026/2026-07-15-1453-node-math-rewrite-direction.md	pasted-text	complete	update/node-math-rewrite; research/node-math-rewrite; idea/node-definition-architecture	no	routed_paths=Current/ideas/general/Node Math Re-Write/README.md|Current/ideas/general/Node Math Re-Write/program-contract.md|Current/ideas/general/Node Math Re-Write/decision-register.md|Current/ideas/general/Node Math Re-Write/phase-roadmap.md|Current/ideas/general/Node Math Re-Write/implementation-progress.md|Current/ideas/general/Node Math Re-Write/research-index.md|Current/ideas/general/Node Math Re-Write/code-source-map.md; verification=full-audit-plus-foundational-research-and-independent-package-triage; merge_candidate=node-math-rewrite-sibling-docs; moved_to_map=Current/ideas/general/Node Math Re-Write/07-history/file-move-map-2026-07-21.md
idea-20260715-2243-node-math-forward-only-decisions	2026-07-15 22:43	docs/stack-documentation/Archived/source-notes/2026/2026-07-15-2243-node-math-forward-only-decisions.md	pasted-text	complete	update/node-math-rewrite; decision/forward-only-architecture; question/source-and-viewport-policy	no	routed_paths=Current/ideas/general/Node Math Re-Write/2026-07-15-forward-only-rewrite-decisions.md|Current/ideas/general/Node Math Re-Write/README.md|Current/ideas/general/Node Math Re-Write/program-contract.md|Current/ideas/general/Node Math Re-Write/decision-register.md|Current/ideas/general/Node Math Re-Write/phase-roadmap.md|Current/ideas/general/Node Math Re-Write/implementation-progress.md|Current/ideas/general/Node Math Re-Write/research-index.md|Current/ideas/general/Node Math Re-Write/code-source-map.md; verification=user-confirmed-direction-plus-cross-document-consistency; merge_candidate=user-authorized-existing-workstream-update; resolved_by=idea-20260715-2318-node-math-source-viewport-decisions; resolved_decisions=NMR-102|NMR-105; moved_to_map=Current/ideas/general/Node Math Re-Write/07-history/file-move-map-2026-07-21.md
idea-20260715-2318-node-math-source-viewport-decisions	2026-07-15 23:18	docs/stack-documentation/Archived/source-notes/2026/2026-07-15-2318-node-math-source-viewport-decisions.md	pasted-text	complete	update/node-math-rewrite; decision/source-labeling; decision/direct-viewport	no	routed_paths=Current/ideas/general/Node Math Re-Write/2026-07-15-forward-only-rewrite-decisions.md|Current/ideas/general/Node Math Re-Write/README.md|Current/ideas/general/Node Math Re-Write/program-contract.md|Current/ideas/general/Node Math Re-Write/decision-register.md|Current/ideas/general/Node Math Re-Write/phase-roadmap.md|Current/ideas/general/Node Math Re-Write/implementation-progress.md|Current/ideas/general/Node Math Re-Write/research-index.md|Current/ideas/general/Node Math Re-Write/code-source-map.md; verification=user-confirmed-policy-plus-cross-document-consistency; merge_candidate=user-authorized-resolution-of-existing-questions; resolved_decisions=NMR-102|NMR-105; moved_to_map=Current/ideas/general/Node Math Re-Write/07-history/file-move-map-2026-07-21.md
idea-20260717-1418-channel-first-node-system	2026-07-17 14:18	docs/stack-documentation/Archived/source-notes/2026/2026-07-17-1418-channel-first-node-system.md	pasted-text	complete	idea/node-math-rewrite; question/channel-language; question/graph-rules; research/color-management; idea/compound-decomposition; update/node-library-unification; fix/data-math-divide	no	routed_paths=Current/ideas/general/Node Math Re-Write/channel-first-node-system/README.md|Current/ideas/general/Node Math Re-Write/channel-first-node-system/CURRENT_DESIGN.md|Current/ideas/general/Node Math Re-Write/channel-first-node-system/OPEN_QUESTIONS.md|Current/ideas/general/Node Math Re-Write/channel-first-node-system/IMPLEMENTATION_READINESS.md|Current/ideas/general/Node Math Re-Write/channel-first-node-system/discussion-topics/2026-07-17-channel-first-data-model-and-language.md|Current/ideas/general/Node Math Re-Write/channel-first-node-system/discussion-topics/2026-07-17-graph-rules-and-visual-feedback.md|Current/ideas/general/Node Math Re-Write/channel-first-node-system/discussion-topics/2026-07-17-color-management-and-display-pipeline.md|Current/ideas/general/Node Math Re-Write/channel-first-node-system/discussion-topics/2026-07-17-alpha-channel-and-math-defaults.md|Current/ideas/general/Node Math Re-Write/channel-first-node-system/discussion-topics/2026-07-17-compound-nodes-and-decomposition.md|Current/ideas/general/Node Math Re-Write/channel-first-node-system/discussion-topics/2026-07-17-unified-node-library-and-future-growth.md|Current/ideas/general/Node Math Re-Write/channel-first-node-system/discussion-topics/2026-07-17-operation-scope-and-performance.md|Current/ideas/general/Node Math Re-Write/channel-first-node-system/research-backlog/2026-07-17-naming-and-industry-language.md|Current/ideas/general/Node Math Re-Write/channel-first-node-system/research-backlog/2026-07-17-color-management-workflow-research.md|Current/ideas/general/Node Math Re-Write/channel-first-node-system/research-backlog/2026-07-17-compound-and-decomposition-research.md|Current/ideas/general/Node Math Re-Write/channel-first-node-system/implementation-ready/2026-07-17-signed-divide-correction.md; verification=partial-current-code-and-current-contracts; merge_candidate=user-requested-new-sibling-workspace; consolidated_by=idea-20260720-1509-accept-design-and-clean-docs; moved_to_map=Current/ideas/general/Node Math Re-Write/07-history/file-move-map-2026-07-21.md
idea-20260717-1508-channel-language-first-answers	2026-07-17 15:08	docs/stack-documentation/Archived/source-notes/2026/2026-07-17-1508-channel-language-first-answers.md	pasted-text	complete	decision/channel-language; question/value-subtypes; idea/image-channel-roles; question/broadcast-ui; decision/import-dissolve	no	routed_paths=Current/ideas/general/Node Math Re-Write/channel-first-node-system/discussion-topics/2026-07-17-channel-first-data-model-and-language.md; verification=user-direction-plus-current-code-check; merge_candidate=user-authorized-ongoing-discussion-update; moved_to_map=Current/ideas/general/Node Math Re-Write/07-history/file-move-map-2026-07-21.md
idea-20260717-1533-channel-preview-mask-and-broadcast	2026-07-17 15:33	docs/stack-documentation/Archived/source-notes/2026/2026-07-17-1533-channel-preview-mask-and-broadcast.md	pasted-text	complete	decision/channel-preview; decision/mask-semantics; question/image-role-ui; question/mask-vs-amount; question/broadcast-node; update/image-combine-alpha	no	routed_paths=Current/ideas/general/Node Math Re-Write/channel-first-node-system/discussion-topics/2026-07-17-channel-first-data-model-and-language.md|Current/ideas/general/Node Math Re-Write/channel-first-node-system/discussion-topics/2026-07-17-graph-rules-and-visual-feedback.md|Current/ideas/general/Node Math Re-Write/channel-first-node-system/discussion-topics/2026-07-17-alpha-channel-and-math-defaults.md; verification=user-direction-plus-current-code-and-format-clarification; merge_candidate=user-authorized-ongoing-discussion-update; moved_to_map=Current/ideas/general/Node Math Re-Write/07-history/file-move-map-2026-07-21.md
idea-20260717-1632-channel-ui-confirmations-and-uniform-reuse	2026-07-17 16:32	docs/stack-documentation/Archived/source-notes/2026/2026-07-17-1632-channel-ui-confirmations-and-uniform-reuse.md	pasted-text	complete	decision/channel-preview; decision/image-component-role; decision/contextual-role-badges; decision/amount-vs-mask; update/broadcast-optimization; question/channel-role-propagation	no	routed_paths=Current/ideas/general/Node Math Re-Write/channel-first-node-system/README.md|Current/ideas/general/Node Math Re-Write/channel-first-node-system/discussion-topics/2026-07-17-channel-first-data-model-and-language.md|Current/ideas/general/Node Math Re-Write/channel-first-node-system/discussion-topics/2026-07-17-graph-rules-and-visual-feedback.md|Current/ideas/general/Node Math Re-Write/channel-first-node-system/discussion-topics/2026-07-17-operation-scope-and-performance.md; verification=user-confirmed-design-direction-plus-document-consistency; merge_candidate=user-authorized-ongoing-discussion-update; moved_to_map=Current/ideas/general/Node Math Re-Write/07-history/file-move-map-2026-07-21.md
idea-20260717-1649-channel-role-semantics	2026-07-17 16:49	docs/stack-documentation/Archived/source-notes/2026/2026-07-17-1649-channel-role-semantics.md	pasted-text	complete	decision/mask-label; decision/role-preservation-default; decision/downstream-role-semantics; question/role-propagation; question/descriptor-shape; idea/manual-role-assignment	no	routed_paths=Current/ideas/general/Node Math Re-Write/channel-first-node-system/README.md|Current/ideas/general/Node Math Re-Write/channel-first-node-system/discussion-topics/2026-07-17-channel-first-data-model-and-language.md|Current/ideas/general/Node Math Re-Write/channel-first-node-system/discussion-topics/2026-07-17-graph-rules-and-visual-feedback.md; verification=user-confirmed-direction-plus-contract-consistency; merge_candidate=user-authorized-ongoing-discussion-update; moved_to_map=Current/ideas/general/Node Math Re-Write/07-history/file-move-map-2026-07-21.md
idea-20260718-1727-implementation-readiness-audit	2026-07-18 17:27	docs/stack-documentation/Archived/source-notes/2026/2026-07-18-1727-implementation-readiness-audit.md	pasted-text	complete	research/implementation-readiness; update/channel-first-triage; question/implementation-start	no	routed_paths=Current/ideas/general/Node Math Re-Write/channel-first-node-system/IMPLEMENTATION_READINESS.md|Current/ideas/general/Node Math Re-Write/channel-first-node-system/OPEN_QUESTIONS.md|Current/ideas/general/Node Math Re-Write/channel-first-node-system/README.md; verification=current-code-tests-and-authority-docs; merge_candidate=user-authorized-research-and-documentation-pass; consolidated_by=idea-20260720-1509-accept-design-and-clean-docs; moved_to_map=Current/ideas/general/Node Math Re-Write/07-history/file-move-map-2026-07-21.md
idea-20260718-1749-guided-question-cadence	2026-07-18 17:49	docs/stack-documentation/Archived/source-notes/2026/2026-07-18-1749-guided-question-cadence.md	pasted-text	complete	update/guided-question-cadence; question/output-channel-interpretation; question/image-combine-defaults	no	routed_paths=Current/ideas/general/Node Math Re-Write/channel-first-node-system/README.md|Current/ideas/general/Node Math Re-Write/channel-first-node-system/CURRENT_DESIGN.md|Current/ideas/general/Node Math Re-Write/channel-first-node-system/OPEN_QUESTIONS.md|Current/ideas/general/Node Math Re-Write/channel-first-node-system/discussion-topics/2026-07-17-channel-first-data-model-and-language.md; verification=current-code-tests-and-authority-docs; merge_candidate=user-authorized-guided-design-round; resolved_by=idea-20260720-1509-accept-design-and-clean-docs; resolved=inspection-does-not-author-export|unconnected-color-is-semantically-absent; moved_to_map=Current/ideas/general/Node Math Re-Write/07-history/file-move-map-2026-07-21.md
idea-20260718-1801-output-scenarios-and-explicit-alpha	2026-07-18 18:01	docs/stack-documentation/Archived/source-notes/2026/2026-07-18-1801-output-scenarios-and-explicit-alpha.md	pasted-text	complete	question/output-scenarios; decision/missing-rgb-semantics; idea/explicit-alpha-channel; question/constant-channel-extent; update/connection-presentation	no	routed_paths=Current/ideas/general/Node Math Re-Write/channel-first-node-system/CURRENT_DESIGN.md|Current/ideas/general/Node Math Re-Write/channel-first-node-system/OPEN_QUESTIONS.md|Current/ideas/general/Node Math Re-Write/channel-first-node-system/IMPLEMENTATION_READINESS.md|Current/ideas/general/Node Math Re-Write/channel-first-node-system/discussion-topics/2026-07-17-channel-first-data-model-and-language.md|Current/ideas/general/Node Math Re-Write/channel-first-node-system/discussion-topics/2026-07-17-alpha-channel-and-math-defaults.md|Current/ideas/general/Node Math Re-Write/channel-first-node-system/discussion-topics/2026-07-17-graph-rules-and-visual-feedback.md; verification=current-code-and-contracts; merge_candidate=user-authorized-guided-design-round; resolved_by=idea-20260720-1509-accept-design-and-clean-docs; resolved=partial-image-classification|visible-editable-constant-alpha-direction; moved_to_map=Current/ideas/general/Node Math Re-Write/07-history/file-move-map-2026-07-21.md
idea-20260719-1332-channel-output-export-and-alpha-parity	2026-07-19 13:32	docs/stack-documentation/Archived/source-notes/2026/2026-07-19-1332-channel-output-export-and-alpha-parity.md	pasted-text	complete	decision/present-component-semantics; decision/alpha-channel-parity; decision/inspection-versus-export; question/standalone-channel-export	no	routed_paths=Current/ideas/general/Node Math Re-Write/channel-first-node-system/CURRENT_DESIGN.md|Current/ideas/general/Node Math Re-Write/channel-first-node-system/OPEN_QUESTIONS.md|Current/ideas/general/Node Math Re-Write/channel-first-node-system/IMPLEMENTATION_READINESS.md|Current/ideas/general/Node Math Re-Write/channel-first-node-system/discussion-topics/2026-07-17-channel-first-data-model-and-language.md|Current/ideas/general/Node Math Re-Write/channel-first-node-system/discussion-topics/2026-07-17-alpha-channel-and-math-defaults.md|Current/ideas/general/Node Math Re-Write/channel-first-node-system/discussion-topics/2026-07-17-graph-rules-and-visual-feedback.md; verification=user-confirmed-direction-plus-current-code-boundary; merge_candidate=user-authorized-guided-design-round; resolved_by=idea-20260720-1509-accept-design-and-clean-docs; resolved=standalone-channel-inspection-does-not-author-rgb-export; moved_to_map=Current/ideas/general/Node Math Re-Write/07-history/file-move-map-2026-07-21.md
idea-20260720-1446-recommended-channel-system-options	2026-07-20 14:46	docs/stack-documentation/Archived/source-notes/2026/2026-07-20-1446-recommended-channel-system-options.md	pasted-text	complete	idea/coherent-channel-system-recommendation; question/output-export; question/partial-image; question/constant-alpha; question/channel-roles; question/value-channel; question/alpha-participation; question/source-dissolve; question/compound-decomposition; question/color-display; question/library-unification	no	routed_paths=Current/ideas/general/Node Math Re-Write/channel-first-node-system/CURRENT_DESIGN.md|Current/ideas/general/Node Math Re-Write/channel-first-node-system/OPEN_QUESTIONS.md|Current/ideas/general/Node Math Re-Write/channel-first-node-system/README.md; verification=synthesized-from-confirmed-user-direction-and-current-contracts; merge_candidate=new-sibling-recommendation; accepted_by=idea-20260720-1509-accept-design-and-clean-docs; decision=NMR-139; moved_to_map=Current/ideas/general/Node Math Re-Write/07-history/file-move-map-2026-07-21.md
idea-20260720-1509-accept-design-and-clean-docs	2026-07-20 15:09	docs/stack-documentation/Archived/source-notes/2026/2026-07-20-1509-accept-design-and-clean-docs.md	pasted-text	complete	decision/channel-first-product-direction; update/documentation-garbage-collection; update/cross-document-authority	no	routed_paths=Current/ideas/general/Node Math Re-Write/channel-first-node-system/README.md|Current/ideas/general/Node Math Re-Write/channel-first-node-system/CURRENT_DESIGN.md|Current/ideas/general/Node Math Re-Write/channel-first-node-system/OPEN_QUESTIONS.md|Current/ideas/general/Node Math Re-Write/channel-first-node-system/IMPLEMENTATION_READINESS.md|Current/ideas/general/Node Math Re-Write/decision-register.md|Current/ideas/general/Node Math Re-Write/implementation-progress.md|Current/engineering/architecture/UNIFIED_WORKSPACE_ARCHITECTURE.md; verification=current-code-recheck-active-file-garbage-collection-and-cross-link-audit; merge_candidate=user-authorized-existing-workstream-update; adopted_decision=NMR-139; moved_to_map=Current/ideas/general/Node Math Re-Write/07-history/file-move-map-2026-07-21.md
idea-20260720-1522-best-channel-contract-options	2026-07-20 15:22	docs/stack-documentation/Archived/source-notes/2026/2026-07-20-1522-best-channel-contract-options.md	pasted-text	complete	question/channel-contract-recommendations; update/open-question-recommendations	yes	routed_paths=Current/ideas/general/Node Math Re-Write/channel-first-node-system/OPEN_QUESTIONS.md; verification=best-fit-synthesis-from-NMR-139-current-code-and-topic-owners; merge_candidate=user-authorized-ongoing-documentation-update; awaiting=user-review-of-C1-C8-and-R1-R4-recommendations; moved_to_map=Current/ideas/general/Node Math Re-Write/07-history/file-move-map-2026-07-21.md; questions_sheet=Current/ideas/general/Node Math Re-Write/01-start-here/questions-for-you.md
idea-20260723-0116-manual-first-raw-editor	2026-07-23 01:16	docs/stack-documentation/Archived/source-notes/2026/2026-07-23-0116-manual-first-raw-editor.md	pasted-text	complete	update/manual-first-raw-workflow; decision/archive-automatic-raw-editor	no	routed_paths=Current/raw-tab-ui-overhaul/manual-first-raw-workflow/2026-07-23-manual-first-raw-editor-direction.md|Current/raw-tab-ui-overhaul/manual-first-raw-workflow/README.md|Current/raw-tab-ui-overhaul/manual-first-raw-workflow/implementation-progress.md|Current/raw-tab-ui-overhaul/manual-first-raw-workflow/automatic-ui-archive-inventory.md; verification=current-docs-and-code-ui-inventory; merge_candidate=user-authorized-product-direction-and-workstream-archive; archived_packet=Archived/raw-tab-ui-overhaul/automatic-raw-editor-2026-07-23
idea-20260723-1501-raw-ui-visual-redesign-research	2026-07-23 15:01	docs/stack-documentation/Archived/source-notes/2026/2026-07-23-1501-raw-ui-visual-redesign-research.md	pasted-text	complete	research/raw-ui-visual-research; idea/minimal-fixed-raw-layout	no	routed_paths=Current/raw-tab-ui-overhaul/manual-first-raw-workflow/raw-ui-visual-research; verification=partial-current-code-plus-official-product-docs-training-guide-and-hci-sources; merge_candidate=manual-first-raw-workflow-new-sibling-folder; implementation=none-research-only; recommendation=canvas-plus-precision-rail
idea-20260724-1218-ai-assisted-subject-selection	2026-07-24 12:18	docs/stack-documentation/Archived/source-notes/2026/2026-07-24-1218-ai-assisted-subject-selection.md	pasted-text	complete	research/ai-assisted-subject-selection; idea/optional-model-packaging	no	routed_paths=Current/raw-tab-ui-overhaul/manual-first-raw-workflow/ai-assisted-subject-selection-research; verification=partial-current-code-official-vendor-docs-model-repositories-model-pages-and-license-sources; merge_candidate=manual-first-raw-workflow-new-sibling-folder; implementation=none-research-only; recommendation=permissive-promptable-model-in-signed-optional-helper-pack
idea-20260724-1241-sam-2-1-small-workspace-preparation	2026-07-24 12:41	docs/stack-documentation/Archived/source-notes/2026/2026-07-24-1241-sam-2-1-small-workspace-preparation.md	pasted-text	complete	update/sam-2-1-small-integration; decision/provisional-model-candidate	no	routed_paths=Current/raw-tab-ui-overhaul/manual-first-raw-workflow/sam-2-1-small-integration|Current/raw-tab-ui-overhaul/manual-first-raw-workflow/ai-assisted-subject-selection-research/README.md; verification=current-docs-current-code-source-map-and-prior-official-research; merge_candidate=manual-first-raw-workflow-new-sibling-folder-plus-user-authorized-research-cross-link; implementation=none-documentation-preparation-only; candidate=sam-2-1-small-provisional
idea-20260801-0000-connection-label-information-system	2026-08-01 00:00	docs/stack-documentation/Archived/source-notes/2026/2026-08-01-0000-connection-label-information-system.md	pasted-text	complete	update/node-math-rewrite; decision/connection-label-readout; implementation/graph-presentation	no	routed_paths=Current/ideas/general/Node Math Re-Write/01-start-here/decision-log.md|Current/ideas/general/Node Math Re-Write/02-channel-based-design/design-details/connections-errors-and-visual-feedback.md|Current/ideas/general/Node Math Re-Write/04-implementation/detailed-progress-log.md; verification=source-oriented-formatter-unit-coverage-source-snapshot-and-save-reload-proof; implementation=NMR-144; preserved=F-hold-to-reveal|existing-text-geometry|Phase-5-historical-record|Phase-7B3-model-boundary
