batch_id	status	file_count	files_reviewed	files_verified	files_moved	last_updated	scope	next_action	blockers
B01	completed	5	5	3	1	2026-07-02	repo-root	`loading fixes findings.txt` was moved into the documentation archive hub. Root convention/legal docs remain keep-in-place and are mirrored under `docs/stack-documentation/Info/repo-root/`.	
B02	completed	9	9	4	0	2026-07-02	AGENT RULES	No move executed yet. Keep this active instruction bundle in place unless a later explicit rehome rule is chosen.	
B03	completed	9	9	9	9	2026-07-02	docs	Move completed. The reviewed top-level docs now live under `docs/stack-documentation/Current/top-level/`, `Info/top-level/`, and `Archived/top-level/`.	
B04	completed	4	4	4	4	2026-07-02	docs/engineering + docs/engineering/architecture	Move completed. The engineering and architecture guidance docs now live under `docs/stack-documentation/Current/engineering/`, `Current/engineering/architecture/`, and `Info/engineering/`.	
B05	completed	8	8	8	8	2026-07-02	docs/engineering/mfsr	Move completed. The active MFSR phase packet now lives in `docs/stack-documentation/Current/engineering/mfsr/`.	
B06	completed	5	5	5	5	2026-07-02	docs/engineering/develop	Move completed. The active develop protocol bundle now lives under `docs/stack-documentation/Current/engineering/develop/`, and `AGENTS.md` plus the bundle's internal path references were updated together.	
B07	completed	17	17	17	17	2026-07-02	docs/engineering/develop/raw_manual_workspace + implementation_phases	Move completed. The RAW manual workspace packet now lives under `docs/stack-documentation/Current/engineering/develop/raw_manual_workspace/`, and completed milestone phases `01` through `06` now live under `docs/stack-documentation/Archived/engineering/develop/raw_manual_workspace/implementation_phases/`.	
B08	completed	13	13	13	13	2026-07-02	docs/engineering/develop/spec_sources + detailed guides	Move completed. The current develop spec-source bundle now lives under `docs/stack-documentation/Current/engineering/develop/spec_sources/`, and the older monolithic planning note now lives under `docs/stack-documentation/Archived/engineering/develop/spec_sources/`.	
B09	completed	8	8	8	8	2026-07-02	docs/auto-raw-base	Move completed. Auto Raw Base research now lives in `docs/stack-documentation/Info/auto-raw-base/`, the older packet now lives in `docs/stack-documentation/Archived/auto-raw-base/`, and dependent raw-tab-overhaul references were updated.	
B10	completed	11	11	11	11	2026-07-02	docs/raw-tab-ui-overhaul	Move completed. The active RAW tab UI contract/checklist/validation trio now lives under `docs/stack-documentation/Current/raw-tab-ui-overhaul/`, and the moved info/archive overhaul docs now point at the new current-doc paths.	
B11	completed	14	14	14	14	2026-07-02	docs/raw-tab-ui-overhaul/auto-starting-point + archive	Move completed. The main Starting Point packet now lives under `docs/stack-documentation/Current/raw-tab-ui-overhaul/auto-starting-point/`, and the preserved Pass 0-8 ledger now lives under `docs/stack-documentation/Archived/raw-tab-ui-overhaul/auto-starting-point/`.	
B12	completed	3	3	0	0	2026-07-02	website	Reviewed the website HTML files and excluded them from the documentation workflow.	
B13	completed	7	7	0	0	2026-07-03	_local_archive root + Documentation	Reviewed and classified the root architecture/compositor set plus the `Documentation` pair.	
B14	completed	8	8	0	0	2026-07-03	_local_archive/Current Plan Files and Documentation In Use	Reviewed and classified the active Composite/Render/bundler/glass-sphere plan packet.	
B15	completed	6	6	0	0	2026-07-03	_local_archive/UI research	Reviewed and classified the six-file UI research/audit packet.	
B16	completed	5	5	0	0	2026-07-03	_local_archive/Redefining Rendering	Reviewed and classified the active rendering redesign specification packet.	
B17	completed	6	6	0	0	2026-07-03	_local_archive/docs/old_docs	Reviewed and classified the node-library/RAW research packet under `old_docs`.	
B18	completed	1	1	0	0	2026-07-03	_local_archive/notes	Reviewed and classified the loose future-note scratch file.	
