status	folder_group	verify_against_code	proposed_destination	current_path	notes
keep-in-place	AGENT RULES	no	keep-in-place	AGENT RULES/01-decision-rules.txt	batch=B02; reviewed_on=2026-07-02; last_write=2026-06-21; reason=active companion rule file inside private instruction bundle; final_path=AGENT RULES/01-decision-rules.txt
keep-in-place	AGENT RULES	no	keep-in-place	AGENT RULES/02-organization.txt	batch=B02; reviewed_on=2026-07-02; last_write=2026-06-21; reason=active companion rule file inside private instruction bundle; final_path=AGENT RULES/02-organization.txt
keep-in-place	AGENT RULES	no	keep-in-place	AGENT RULES/03-performance-runtime.txt	batch=B02; reviewed_on=2026-07-02; last_write=2026-06-21; reason=active companion rule file inside private instruction bundle; final_path=AGENT RULES/03-performance-runtime.txt
keep-in-place	AGENT RULES	no	keep-in-place	AGENT RULES/04-ui-data-assets.txt	batch=B02; reviewed_on=2026-07-02; last_write=2026-06-21; reason=active companion rule file inside private instruction bundle; final_path=AGENT RULES/04-ui-data-assets.txt
keep-in-place	AGENT RULES	no	keep-in-place	AGENT RULES/05-build-docs-verification.txt	batch=B02; reviewed_on=2026-07-02; last_write=2026-06-21; reason=active companion rule file inside private instruction bundle; final_path=AGENT RULES/05-build-docs-verification.txt
keep-in-place	AGENT RULES	no	keep-in-place	AGENT RULES/06-forbidden-patterns.txt	batch=B02; reviewed_on=2026-07-02; last_write=2026-06-21; reason=active companion rule file inside private instruction bundle; final_path=AGENT RULES/06-forbidden-patterns.txt
keep-in-place	AGENT RULES	done	keep-in-place	AGENT RULES/07-update-guide.txt	batch=B02; reviewed_on=2026-07-02; verified_on=2026-07-02; last_write=2026-06-21; reason=active update-contract file cross-referencing program-preset companion list; final_path=AGENT RULES/07-update-guide.txt
keep-in-place	AGENT RULES	done	keep-in-place	AGENT RULES/08-debugging-watchlist.txt	batch=B02; reviewed_on=2026-07-02; verified_on=2026-07-02; last_write=2026-06-28; reason=active stack-specific debugging watchlist still aligned with current bugfix areas but bundled as private instruction companion; final_path=AGENT RULES/08-debugging-watchlist.txt
keep-in-place	AGENT RULES	done	keep-in-place	AGENT RULES/program-preset.txt	batch=B02; reviewed_on=2026-07-02; verified_on=2026-07-02; last_write=2026-06-28; reason=explicitly marked as private operating specification not public documentation and not repo-specific; final_path=AGENT RULES/program-preset.txt
keep-in-place	repo-root	no	keep-in-place	AGENTS.md	batch=B01; reviewed_on=2026-07-02; reason=special repo instruction file; final_path=AGENTS.md
keep-in-place	repo-root	done	keep-in-place	BUILDING.md	batch=B01; reviewed_on=2026-07-02; verified_on=2026-07-02; reason=active build guide verified against current scripts and CMake paths; final_path=BUILDING.md; mirror_path=docs/stack-documentation/Info/repo-root/BUILDING.md
moved	docs/auto-raw-base	done	Info	docs/stack-documentation/Info/auto-raw-base/deep-research-report.md	batch=B09; reviewed_on=2026-07-02; verified_on=2026-07-02; moved_on=2026-07-02; last_write=2026-06-29; reason=foundational Auto Base research report with durable policy and math background; newer starting-point docs still inherit its conservative visible-control thesis; final_path=docs/stack-documentation/Info/auto-raw-base/deep-research-report.md
moved	docs/auto-raw-base	done	Info	docs/stack-documentation/Info/auto-raw-base/implementation-crosswalk.md	batch=B09; reviewed_on=2026-07-02; verified_on=2026-07-02; moved_on=2026-07-02; last_write=2026-06-29; reason=compact research-to-implementation guardrail summary that still matches the visible-control and suggestion-first rules, but no longer acts as the active implementation packet; final_path=docs/stack-documentation/Info/auto-raw-base/implementation-crosswalk.md
moved	docs/auto-raw-base	done	Archived	docs/stack-documentation/Archived/auto-raw-base/pass-01-analysis-foundation.md	batch=B09; reviewed_on=2026-07-02; verified_on=2026-07-02; moved_on=2026-07-02; last_write=2026-06-29; reason=completed older implementation pass whose analysis foundation partly landed in code, but whose file-splitting plan and active workflow were superseded by later starting-point docs; final_path=docs/stack-documentation/Archived/auto-raw-base/pass-01-analysis-foundation.md
moved	docs/auto-raw-base	done	Archived	docs/stack-documentation/Archived/auto-raw-base/pass-02-auto-base-view-transform.md	batch=B09; reviewed_on=2026-07-02; verified_on=2026-07-02; moved_on=2026-07-02; last_write=2026-06-29; reason=completed older view-fit implementation pass; current code preserves its fit behavior, but active docs and UI have moved to Display Fit and Build Starting Point wording; final_path=docs/stack-documentation/Archived/auto-raw-base/pass-02-auto-base-view-transform.md
moved	docs/auto-raw-base	done	Archived	docs/stack-documentation/Archived/auto-raw-base/pass-03-exposure-wb-highlight-recommendations.md	batch=B09; reviewed_on=2026-07-02; verified_on=2026-07-02; moved_on=2026-07-02; last_write=2026-06-29; reason=completed older recommendation pass; current code contains its exposure/WB/highlight structures, but later starting-point docs now own the active implementation flow; final_path=docs/stack-documentation/Archived/auto-raw-base/pass-03-exposure-wb-highlight-recommendations.md
moved	docs/auto-raw-base	done	Archived	docs/stack-documentation/Archived/auto-raw-base/pass-04-local-range-suggestions-and-color.md	batch=B09; reviewed_on=2026-07-02; verified_on=2026-07-02; moved_on=2026-07-02; last_write=2026-06-29; reason=completed older local-range suggestion pass still used as technical background, but superseded as the active instruction set by newer raw-tab-ui-overhaul and starting-point docs; final_path=docs/stack-documentation/Archived/auto-raw-base/pass-04-local-range-suggestions-and-color.md
moved	docs/auto-raw-base	done	Archived	docs/stack-documentation/Archived/auto-raw-base/pass-05-noise-detail-validation.md	batch=B09; reviewed_on=2026-07-02; verified_on=2026-07-02; moved_on=2026-07-02; last_write=2026-06-29; reason=completed older noise-detail and validation pass kept for history, while current starting-point progress and UI advisories now define the active state; final_path=docs/stack-documentation/Archived/auto-raw-base/pass-05-noise-detail-validation.md
moved	docs/auto-raw-base	done	Archived	docs/stack-documentation/Archived/auto-raw-base/README.md	batch=B09; reviewed_on=2026-07-02; verified_on=2026-07-02; moved_on=2026-07-02; last_write=2026-06-29; reason=overview for the older Auto Base implementation packet; still useful context, but superseded by newer raw auto starting point docs and current code state; final_path=docs/stack-documentation/Archived/auto-raw-base/README.md
moved	docs/engineering/architecture	done	Current	docs/stack-documentation/Current/engineering/architecture/ARCHITECTURE_HOTSPOT_MAP.md	batch=B04; reviewed_on=2026-07-02; verified_on=2026-07-02; moved_on=2026-07-02; last_write=2026-06-21; reason=active standing cleanup and ownership map still updated alongside current develop implementation tracker; final_path=docs/stack-documentation/Current/engineering/architecture/ARCHITECTURE_HOTSPOT_MAP.md
moved	docs/engineering/architecture	done	Current	docs/stack-documentation/Current/engineering/architecture/ARCHITECTURE_ORGANIZATION_GUIDE.md	batch=B04; reviewed_on=2026-07-02; verified_on=2026-07-02; moved_on=2026-07-02; last_write=2026-06-22; reason=active standing organizational guide referenced by current implementation tracker and hotspot map; final_path=docs/stack-documentation/Current/engineering/architecture/ARCHITECTURE_ORGANIZATION_GUIDE.md
moved	docs/engineering/develop	done	Current	docs/stack-documentation/Current/engineering/develop/DEVELOP_DECISIONS.md	batch=B06; reviewed_on=2026-07-02; verified_on=2026-07-02; last_write=2026-06-22; reason=active durable decision log for the current develop implementation bundle and recent organization refactors; moved_on=2026-07-02; final_path=docs/stack-documentation/Current/engineering/develop/DEVELOP_DECISIONS.md
moved	docs/engineering/develop	done	Current	docs/stack-documentation/Current/engineering/develop/DEVELOP_DEFERRED_SCOPE.md	batch=B06; reviewed_on=2026-07-02; verified_on=2026-07-02; last_write=2026-06-21; reason=active deferred-scope guardrail used by the pass protocol to prevent overclaiming future guide work; moved_on=2026-07-02; final_path=docs/stack-documentation/Current/engineering/develop/DEVELOP_DEFERRED_SCOPE.md
moved	docs/engineering/develop	done	Current	docs/stack-documentation/Current/engineering/develop/DEVELOP_IMPLEMENTATION_TRACKER.md	batch=B06; reviewed_on=2026-07-02; verified_on=2026-07-02; last_write=2026-06-22; reason=active pass-status ledger and requirement-checklist record showing current partial guide states, append-only handoffs, and recent verified source splits; moved_on=2026-07-02; final_path=docs/stack-documentation/Current/engineering/develop/DEVELOP_IMPLEMENTATION_TRACKER.md
moved	docs/engineering/develop	done	Current	docs/stack-documentation/Current/engineering/develop/DEVELOP_PASS_PROTOCOL.md	batch=B06; reviewed_on=2026-07-02; verified_on=2026-07-02; last_write=2026-06-22; reason=active develop-pass operating protocol and explicit repo-root AGENTS entrypoint for this workstream; moved_on=2026-07-02; final_path=docs/stack-documentation/Current/engineering/develop/DEVELOP_PASS_PROTOCOL.md
moved	docs/engineering/develop	done	Current	docs/stack-documentation/Current/engineering/develop/DEVELOP_SOURCE_MAP.md	batch=B06; reviewed_on=2026-07-02; verified_on=2026-07-02; last_write=2026-06-22; reason=active source map used by the protocol/tracker bundle and aligned with the current focused helper/file layout; moved_on=2026-07-02; final_path=docs/stack-documentation/Current/engineering/develop/DEVELOP_SOURCE_MAP.md
moved	docs/engineering/develop/raw_manual_workspace	done	Current	docs/stack-documentation/Current/engineering/develop/raw_manual_workspace/CURRENT_HANDOFF.md	batch=B07; reviewed_on=2026-07-02; verified_on=2026-07-02; last_write=2026-06-29; reason=active resume authority naming the pending native-smoke scenarios and the next RAW workspace task; moved_on=2026-07-02; final_path=docs/stack-documentation/Current/engineering/develop/raw_manual_workspace/CURRENT_HANDOFF.md
moved	docs/engineering/develop/raw_manual_workspace/implementation_phases	done	Current	docs/stack-documentation/Current/engineering/develop/raw_manual_workspace/implementation_phases/00_IMPLEMENTATION_GUIDE.md	batch=B07; reviewed_on=2026-07-02; verified_on=2026-07-02; last_write=2026-06-29; reason=active workflow router for selecting the next RAW workspace task or phase from the current handoff packet; moved_on=2026-07-02; final_path=docs/stack-documentation/Current/engineering/develop/raw_manual_workspace/implementation_phases/00_IMPLEMENTATION_GUIDE.md
moved	docs/engineering/develop/raw_manual_workspace/implementation_phases	done	Current	docs/stack-documentation/Current/engineering/develop/raw_manual_workspace/implementation_phases/00_MODE_CONTRACT.md	batch=B07; reviewed_on=2026-07-02; verified_on=2026-07-02; last_write=2026-06-29; reason=active ownership and mode contract for recipe-backed, managed, and custom RAW workspace states; moved_on=2026-07-02; final_path=docs/stack-documentation/Current/engineering/develop/raw_manual_workspace/implementation_phases/00_MODE_CONTRACT.md
moved	docs/engineering/develop/raw_manual_workspace/implementation_phases	done	Current	docs/stack-documentation/Current/engineering/develop/raw_manual_workspace/implementation_phases/00_NATIVE_RAW_UI_SMOKE_CHECKLIST.md	batch=B07; reviewed_on=2026-07-02; verified_on=2026-07-02; last_write=2026-06-29; reason=active validation protocol for the remaining native RAW UI smoke gates across phases 6, 7, and 8A; moved_on=2026-07-02; final_path=docs/stack-documentation/Current/engineering/develop/raw_manual_workspace/implementation_phases/00_NATIVE_RAW_UI_SMOKE_CHECKLIST.md
moved	docs/engineering/develop/raw_manual_workspace/implementation_phases	done	Current	docs/stack-documentation/Current/engineering/develop/raw_manual_workspace/implementation_phases/00_STORAGE_LAYOUT.md	batch=B07; reviewed_on=2026-07-02; verified_on=2026-07-02; last_write=2026-06-29; reason=active durable storage contract still matched by the current workspace, project, thumbnail, and catalog code; moved_on=2026-07-02; final_path=docs/stack-documentation/Current/engineering/develop/raw_manual_workspace/implementation_phases/00_STORAGE_LAYOUT.md
moved	docs/engineering/develop/raw_manual_workspace/implementation_phases	done	Archived	docs/stack-documentation/Archived/engineering/develop/raw_manual_workspace/implementation_phases/01_folder_catalog_foundation.md	batch=B07; reviewed_on=2026-07-02; verified_on=2026-07-02; last_write=2026-06-29; reason=completed Phase 1 foundation pass whose folder and catalog behaviors exist in code while the living contract now sits in the current workspace packet; moved_on=2026-07-02; final_path=docs/stack-documentation/Archived/engineering/develop/raw_manual_workspace/implementation_phases/01_folder_catalog_foundation.md
moved	docs/engineering/develop/raw_manual_workspace/implementation_phases	done	Archived	docs/stack-documentation/Archived/engineering/develop/raw_manual_workspace/implementation_phases/02_thumbnail_pipeline.md	batch=B07; reviewed_on=2026-07-02; verified_on=2026-07-02; last_write=2026-06-29; reason=completed Phase 2 thumbnail-pipeline pass; neutral thumbnail caching and async generation are implemented and later handoff docs now carry active validation state; moved_on=2026-07-02; final_path=docs/stack-documentation/Archived/engineering/develop/raw_manual_workspace/implementation_phases/02_thumbnail_pipeline.md
moved	docs/engineering/develop/raw_manual_workspace/implementation_phases	done	Archived	docs/stack-documentation/Archived/engineering/develop/raw_manual_workspace/implementation_phases/03_gallery_and_library.md	batch=B07; reviewed_on=2026-07-02; verified_on=2026-07-02; last_write=2026-06-29; reason=completed Phase 3 browsing and library-integration milestone whose UI structure is implemented and no longer the active continuation target; moved_on=2026-07-02; final_path=docs/stack-documentation/Archived/engineering/develop/raw_manual_workspace/implementation_phases/03_gallery_and_library.md
moved	docs/engineering/develop/raw_manual_workspace/implementation_phases	done	Archived	docs/stack-documentation/Archived/engineering/develop/raw_manual_workspace/implementation_phases/04_recipe_and_compact_node.md	batch=B07; reviewed_on=2026-07-02; verified_on=2026-07-02; last_write=2026-06-29; reason=completed Phase 4 recipe and compact-node milestone now reflected in shipped code, while current continuation has moved to later ownership and validation docs; moved_on=2026-07-02; final_path=docs/stack-documentation/Archived/engineering/develop/raw_manual_workspace/implementation_phases/04_recipe_and_compact_node.md
moved	docs/engineering/develop/raw_manual_workspace/implementation_phases	done	Archived	docs/stack-documentation/Archived/engineering/develop/raw_manual_workspace/implementation_phases/05_project_lifecycle.md	batch=B07; reviewed_on=2026-07-02; verified_on=2026-07-02; last_write=2026-06-29; reason=completed Phase 5 per-image project-lifecycle milestone whose durable save and relink plumbing already exists in the current codebase; moved_on=2026-07-02; final_path=docs/stack-documentation/Archived/engineering/develop/raw_manual_workspace/implementation_phases/05_project_lifecycle.md
moved	docs/engineering/develop/raw_manual_workspace/implementation_phases	done	Archived	docs/stack-documentation/Archived/engineering/develop/raw_manual_workspace/implementation_phases/06_raw_workspace_panels.md	batch=B07; reviewed_on=2026-07-02; verified_on=2026-07-02; last_write=2026-06-29; reason=implemented Phase 6 workspace-panel milestone; the remaining native smoke is tracked centrally in the current checklist and results docs, so this phase file now reads as historical milestone guidance; moved_on=2026-07-02; final_path=docs/stack-documentation/Archived/engineering/develop/raw_manual_workspace/implementation_phases/06_raw_workspace_panels.md
moved	docs/engineering/develop/raw_manual_workspace/implementation_phases	done	Current	docs/stack-documentation/Current/engineering/develop/raw_manual_workspace/implementation_phases/07_managed_decomposition.md	batch=B07; reviewed_on=2026-07-02; verified_on=2026-07-02; last_write=2026-06-29; reason=active Phase 7 contract because managed decomposition is implemented but still blocked on pending native smoke scenarios 2 through 5; moved_on=2026-07-02; final_path=docs/stack-documentation/Current/engineering/develop/raw_manual_workspace/implementation_phases/07_managed_decomposition.md
moved	docs/engineering/develop/raw_manual_workspace/implementation_phases	done	Current	docs/stack-documentation/Current/engineering/develop/raw_manual_workspace/implementation_phases/08_later_workflow_upgrades.md	batch=B07; reviewed_on=2026-07-02; verified_on=2026-07-02; last_write=2026-06-29; reason=active later-workflow roadmap and gatekeeper that explicitly blocks broader Phase 8 work until the pending smoke evidence is recorded; moved_on=2026-07-02; final_path=docs/stack-documentation/Current/engineering/develop/raw_manual_workspace/implementation_phases/08_later_workflow_upgrades.md
moved	docs/engineering/develop/raw_manual_workspace/implementation_phases	done	Current	docs/stack-documentation/Current/engineering/develop/raw_manual_workspace/implementation_phases/08A_local_range_tone_equalizer.md	batch=B07; reviewed_on=2026-07-02; verified_on=2026-07-02; last_write=2026-06-29; reason=active Local Range branch packet; passes 1 through 8 are implemented but native smoke scenarios 1 and 6 through 9 still define the next work; moved_on=2026-07-02; final_path=docs/stack-documentation/Current/engineering/develop/raw_manual_workspace/implementation_phases/08A_local_range_tone_equalizer.md
moved	docs/engineering/develop/raw_manual_workspace	done	Current	docs/stack-documentation/Current/engineering/develop/raw_manual_workspace/NATIVE_RAW_UI_SMOKE_RESULTS.md	batch=B07; reviewed_on=2026-07-02; verified_on=2026-07-02; last_write=2026-06-29; reason=live evidence ledger for unresolved native validation gates across the RAW workspace phases; moved_on=2026-07-02; final_path=docs/stack-documentation/Current/engineering/develop/raw_manual_workspace/NATIVE_RAW_UI_SMOKE_RESULTS.md
moved	docs/engineering/develop/raw_manual_workspace	done	Current	docs/stack-documentation/Current/engineering/develop/raw_manual_workspace/RAW_MANUAL_WORKSPACE_PLAN.md	batch=B07; reviewed_on=2026-07-02; verified_on=2026-07-02; last_write=2026-06-29; reason=active durable RAW workspace plan that still matches the implemented code state and pending validation gates; moved_on=2026-07-02; final_path=docs/stack-documentation/Current/engineering/develop/raw_manual_workspace/RAW_MANUAL_WORKSPACE_PLAN.md
moved	docs/engineering/develop/raw_manual_workspace	done	Current	docs/stack-documentation/Current/engineering/develop/raw_manual_workspace/README.md	batch=B07; reviewed_on=2026-07-02; verified_on=2026-07-02; last_write=2026-06-29; reason=active entrypoint and read-order document for the current RAW manual workspace packet; moved_on=2026-07-02; final_path=docs/stack-documentation/Current/engineering/develop/raw_manual_workspace/README.md
moved	docs/engineering/develop/spec_sources	done	Archived	docs/stack-documentation/Archived/engineering/develop/spec_sources/Develop node first think through.txt	batch=B08; reviewed_on=2026-07-02; verified_on=2026-07-02; last_write=2026-06-09; reason=older monolithic develop planning document superseded by the split detailed guide set and not referenced by the active develop protocol/tracker bundle; moved_on=2026-07-02; final_path=docs/stack-documentation/Archived/engineering/develop/spec_sources/Develop node first think through.txt
moved	docs/engineering/develop/spec_sources	done	Current	docs/stack-documentation/Current/engineering/develop/spec_sources/DEVELOP_NODE_CONTEXT.txt	batch=B08; reviewed_on=2026-07-02; verified_on=2026-07-02; last_write=2026-06-16; reason=active current-behavior summary explicitly treated as factual truth by the develop pass protocol, tracker, decisions log, and source map; moved_on=2026-07-02; final_path=docs/stack-documentation/Current/engineering/develop/spec_sources/DEVELOP_NODE_CONTEXT.txt
moved	docs/engineering/develop/spec_sources/Stack_Develop_Node_Detailed_Guides	done	Current	docs/stack-documentation/Current/engineering/develop/spec_sources/Stack_Develop_Node_Detailed_Guides/00_INDEX_README.txt	batch=B08; reviewed_on=2026-07-02; verified_on=2026-07-02; last_write=2026-06-10; reason=active guide-set index/router read by the pass protocol and implementation tracker before develop work; moved_on=2026-07-02; final_path=docs/stack-documentation/Current/engineering/develop/spec_sources/Stack_Develop_Node_Detailed_Guides/00_INDEX_README.txt
moved	docs/engineering/develop/spec_sources/Stack_Develop_Node_Detailed_Guides	done	Current	docs/stack-documentation/Current/engineering/develop/spec_sources/Stack_Develop_Node_Detailed_Guides/01_Develop_Philosophy_Auto_Modes_and_User_Intent.txt	batch=B08; reviewed_on=2026-07-02; verified_on=2026-07-02; last_write=2026-06-10; reason=active numbered planning guide for develop philosophy, auto modes, and user-intent direction; moved_on=2026-07-02; final_path=docs/stack-documentation/Current/engineering/develop/spec_sources/Stack_Develop_Node_Detailed_Guides/01_Develop_Philosophy_Auto_Modes_and_User_Intent.txt
moved	docs/engineering/develop/spec_sources/Stack_Develop_Node_Detailed_Guides	done	Current	docs/stack-documentation/Current/engineering/develop/spec_sources/Stack_Develop_Node_Detailed_Guides/02_RAW_Data_Exposure_EV_Brightness_and_Scene_Linear_Control.txt	batch=B08; reviewed_on=2026-07-02; verified_on=2026-07-02; last_write=2026-06-10; reason=active numbered planning guide for RAW exposure semantics, visible brightness, and scene-linear control direction; moved_on=2026-07-02; final_path=docs/stack-documentation/Current/engineering/develop/spec_sources/Stack_Develop_Node_Detailed_Guides/02_RAW_Data_Exposure_EV_Brightness_and_Scene_Linear_Control.txt
moved	docs/engineering/develop/spec_sources/Stack_Develop_Node_Detailed_Guides	done	Current	docs/stack-documentation/Current/engineering/develop/spec_sources/Stack_Develop_Node_Detailed_Guides/03_Iterative_Auto_Solve_Candidate_Rendering_Convergence_and_Learning.txt	batch=B08; reviewed_on=2026-07-02; verified_on=2026-07-02; last_write=2026-06-10; reason=active numbered planning guide for iterative auto-solve, candidate rendering, convergence, and learning direction; moved_on=2026-07-02; final_path=docs/stack-documentation/Current/engineering/develop/spec_sources/Stack_Develop_Node_Detailed_Guides/03_Iterative_Auto_Solve_Candidate_Rendering_Convergence_and_Learning.txt
moved	docs/engineering/develop/spec_sources/Stack_Develop_Node_Detailed_Guides	done	Current	docs/stack-documentation/Current/engineering/develop/spec_sources/Stack_Develop_Node_Detailed_Guides/04_Dynamic_Range_Highlights_Shadows_and_Local_Exposure_Strategy.txt	batch=B08; reviewed_on=2026-07-02; verified_on=2026-07-02; last_write=2026-06-10; reason=active numbered planning guide for dynamic-range, highlight, shadow, and local-exposure strategy direction; moved_on=2026-07-02; final_path=docs/stack-documentation/Current/engineering/develop/spec_sources/Stack_Develop_Node_Detailed_Guides/04_Dynamic_Range_Highlights_Shadows_and_Local_Exposure_Strategy.txt
moved	docs/engineering/develop/spec_sources/Stack_Develop_Node_Detailed_Guides	done	Current	docs/stack-documentation/Current/engineering/develop/spec_sources/Stack_Develop_Node_Detailed_Guides/05_Subject_Importance_User_Guided_Bias_Brushes_and_Scene_Understanding.txt	batch=B08; reviewed_on=2026-07-02; verified_on=2026-07-02; last_write=2026-06-10; reason=active numbered planning guide for subject-importance, user-guided bias, brushes, and scene-understanding direction; moved_on=2026-07-02; final_path=docs/stack-documentation/Current/engineering/develop/spec_sources/Stack_Develop_Node_Detailed_Guides/05_Subject_Importance_User_Guided_Bias_Brushes_and_Scene_Understanding.txt
moved	docs/engineering/develop/spec_sources/Stack_Develop_Node_Detailed_Guides	done	Current	docs/stack-documentation/Current/engineering/develop/spec_sources/Stack_Develop_Node_Detailed_Guides/06_Color_White_Balance_Mood_Preservation_Skin_and_Memory_Colors.txt	batch=B08; reviewed_on=2026-07-02; verified_on=2026-07-02; last_write=2026-06-10; reason=active numbered planning guide for color, white-balance, mood preservation, skin, and memory-color direction; moved_on=2026-07-02; final_path=docs/stack-documentation/Current/engineering/develop/spec_sources/Stack_Develop_Node_Detailed_Guides/06_Color_White_Balance_Mood_Preservation_Skin_and_Memory_Colors.txt
moved	docs/engineering/develop/spec_sources/Stack_Develop_Node_Detailed_Guides	done	Current	docs/stack-documentation/Current/engineering/develop/spec_sources/Stack_Develop_Node_Detailed_Guides/07_Denoise_Demosaic_Texture_Detail_and_Cleanup.txt	batch=B08; reviewed_on=2026-07-02; verified_on=2026-07-02; last_write=2026-06-10; reason=active numbered planning guide for denoise, demosaic, texture/detail, and cleanup direction; moved_on=2026-07-02; final_path=docs/stack-documentation/Current/engineering/develop/spec_sources/Stack_Develop_Node_Detailed_Guides/07_Denoise_Demosaic_Texture_Detail_and_Cleanup.txt
moved	docs/engineering/develop/spec_sources/Stack_Develop_Node_Detailed_Guides	done	Current	docs/stack-documentation/Current/engineering/develop/spec_sources/Stack_Develop_Node_Detailed_Guides/08_Tone_Contrast_Finish_Feel_and_Realistic_Final_Rendering.txt	batch=B08; reviewed_on=2026-07-02; verified_on=2026-07-02; last_write=2026-06-10; reason=active numbered planning guide for tone, contrast, finish feel, and realistic final-rendering direction; moved_on=2026-07-02; final_path=docs/stack-documentation/Current/engineering/develop/spec_sources/Stack_Develop_Node_Detailed_Guides/08_Tone_Contrast_Finish_Feel_and_Realistic_Final_Rendering.txt
moved	docs/engineering/develop/spec_sources/Stack_Develop_Node_Detailed_Guides	done	Current	docs/stack-documentation/Current/engineering/develop/spec_sources/Stack_Develop_Node_Detailed_Guides/09_Manual_Mode_Auto_Handoff_Bias_Preservation_and_Expert_Controls.txt	batch=B08; reviewed_on=2026-07-02; verified_on=2026-07-02; last_write=2026-06-10; reason=active numbered planning guide for manual mode, auto handoff, bias preservation, and expert-control direction; moved_on=2026-07-02; final_path=docs/stack-documentation/Current/engineering/develop/spec_sources/Stack_Develop_Node_Detailed_Guides/09_Manual_Mode_Auto_Handoff_Bias_Preservation_and_Expert_Controls.txt
moved	docs/engineering/develop/spec_sources/Stack_Develop_Node_Detailed_Guides	done	Current	docs/stack-documentation/Current/engineering/develop/spec_sources/Stack_Develop_Node_Detailed_Guides/10_Graph_Controls_Solver_Controls_Diagnostics_and_User_Education.txt	batch=B08; reviewed_on=2026-07-02; verified_on=2026-07-02; last_write=2026-06-10; reason=active numbered planning guide for graph controls, solver controls, diagnostics, and user-education direction; moved_on=2026-07-02; final_path=docs/stack-documentation/Current/engineering/develop/spec_sources/Stack_Develop_Node_Detailed_Guides/10_Graph_Controls_Solver_Controls_Diagnostics_and_User_Education.txt
moved	docs/engineering/mfsr	done	Current	docs/stack-documentation/Current/engineering/mfsr/00_MFSR_README.md	batch=B05; reviewed_on=2026-07-02; verified_on=2026-07-02; moved_on=2026-07-02; last_write=2026-06-21; reason=active MFSR packet overview that still routes future work into the current status, repo-notes, and pass-guide docs; final_path=docs/stack-documentation/Current/engineering/mfsr/00_MFSR_README.md
moved	docs/engineering/mfsr	done	Current	docs/stack-documentation/Current/engineering/mfsr/01_MFSR_PRODUCT_UI_SPEC.md	batch=B05; reviewed_on=2026-07-02; verified_on=2026-07-02; moved_on=2026-07-02; last_write=2026-06-21; reason=active node-and-tab product spec; current code still lacks the Phase 3 tab shell, so this UI guidance remains current; final_path=docs/stack-documentation/Current/engineering/mfsr/01_MFSR_PRODUCT_UI_SPEC.md
moved	docs/engineering/mfsr	done	Current	docs/stack-documentation/Current/engineering/mfsr/02_MFSR_PIPELINE_SPEC.md	batch=B05; reviewed_on=2026-07-02; verified_on=2026-07-02; moved_on=2026-07-02; last_write=2026-06-21; reason=active phased pipeline contract for future MFSR implementation; current code still stops at the Phase 2 placeholder node shell; final_path=docs/stack-documentation/Current/engineering/mfsr/02_MFSR_PIPELINE_SPEC.md
moved	docs/engineering/mfsr	done	Current	docs/stack-documentation/Current/engineering/mfsr/03_MFSR_IMPLEMENTATION_PLAN.md	batch=B05; reviewed_on=2026-07-02; verified_on=2026-07-02; moved_on=2026-07-02; last_write=2026-06-22; reason=active implementation roadmap still matching repo truth with Phase 2 node shell complete and Phase 3 tab shell next; final_path=docs/stack-documentation/Current/engineering/mfsr/03_MFSR_IMPLEMENTATION_PLAN.md
moved	docs/engineering/mfsr	done	Current	docs/stack-documentation/Current/engineering/mfsr/04_CODEX_GOAL_RULES.md	batch=B05; reviewed_on=2026-07-02; verified_on=2026-07-02; moved_on=2026-07-02; last_write=2026-06-22; reason=active feature-specific implementation protocol paired with the current MFSR plan and status files; final_path=docs/stack-documentation/Current/engineering/mfsr/04_CODEX_GOAL_RULES.md
moved	docs/engineering/mfsr	done	Current	docs/stack-documentation/Current/engineering/mfsr/MFSR_PASS_GUIDE.md	batch=B05; reviewed_on=2026-07-02; verified_on=2026-07-02; moved_on=2026-07-02; last_write=2026-06-21; reason=active operational phase-boundary guide aligned with the current MFSR code state and next-phase sequencing; final_path=docs/stack-documentation/Current/engineering/mfsr/MFSR_PASS_GUIDE.md
moved	docs/engineering/mfsr	done	Current	docs/stack-documentation/Current/engineering/mfsr/MFSR_REPO_NOTES.md	batch=B05; reviewed_on=2026-07-02; verified_on=2026-07-02; moved_on=2026-07-02; last_write=2026-06-21; reason=active repo integration map confirmed against current MFSR types, node shell wiring, renderer placeholder path, and focused graph behavior tests; final_path=docs/stack-documentation/Current/engineering/mfsr/MFSR_REPO_NOTES.md
moved	docs/engineering/mfsr	done	Current	docs/stack-documentation/Current/engineering/mfsr/MFSR_STATUS.md	batch=B05; reviewed_on=2026-07-02; verified_on=2026-07-02; moved_on=2026-07-02; last_write=2026-06-22; reason=active phase ledger still matches code with Phase 2 complete and no Phase 3 tab shell found; its last verified command uses a local build directory that should be refreshed when MFSR work resumes; final_path=docs/stack-documentation/Current/engineering/mfsr/MFSR_STATUS.md
moved	docs/engineering	done	Current	docs/stack-documentation/Current/engineering/NODE_LIBRARY_MARKER_AUDIT.md	batch=B04; reviewed_on=2026-07-02; verified_on=2026-07-02; moved_on=2026-07-02; last_write=2026-06-30; reason=recent actionable audit whose placeholder and lifecycle findings still match current node registry and render behavior; final_path=docs/stack-documentation/Current/engineering/NODE_LIBRARY_MARKER_AUDIT.md
moved	docs/engineering	done	Info	docs/stack-documentation/Info/engineering/WINDOW_CHROME_POSTMORTEM.md	batch=B04; reviewed_on=2026-07-02; verified_on=2026-07-02; moved_on=2026-07-02; last_write=2026-06-23; reason=current reference postmortem and regression guide still linked from BUILDING and aligned with titlebar bridge fallback code; final_path=docs/stack-documentation/Info/engineering/WINDOW_CHROME_POSTMORTEM.md
moved	docs	done	Info	docs/stack-documentation/Info/top-level/INSTALLER_UPDATER_RELEASES.md	batch=B03; reviewed_on=2026-07-02; verified_on=2026-07-02; moved_on=2026-07-02; last_write=2026-06-24; reason=current release and updater reference verified against scripts app code installer and website; final_path=docs/stack-documentation/Info/top-level/INSTALLER_UPDATER_RELEASES.md
moved	docs	done	Current	docs/stack-documentation/Current/top-level/LOCAL_TONE_MAPPING_PLAN.md	batch=B03; reviewed_on=2026-07-02; verified_on=2026-07-02; moved_on=2026-07-02; last_write=2026-05-25; reason=still-open future implementation idea with no current code or superseding references found; final_path=docs/stack-documentation/Current/top-level/LOCAL_TONE_MAPPING_PLAN.md
moved	docs	done	Archived	docs/stack-documentation/Archived/top-level/NEURAL_DENOISE_SYSTEM_PLAN.md	batch=B03; reviewed_on=2026-07-02; verified_on=2026-07-02; moved_on=2026-07-02; last_write=2026-05-26; reason=partially superseded implementation plan that still says real ONNX inference is not implemented while current code now loads models and runs RGB inference; final_path=docs/stack-documentation/Archived/top-level/NEURAL_DENOISE_SYSTEM_PLAN.md
moved	docs	done	Info	docs/stack-documentation/Info/top-level/RAW_ARW_PIPELINE_PLAN.md	batch=B03; reviewed_on=2026-07-02; verified_on=2026-07-02; moved_on=2026-07-02; last_write=2026-05-25; reason=still-accurate high-level ARW pipeline and limitation reference despite newer detailed RAW workflow docs elsewhere; final_path=docs/stack-documentation/Info/top-level/RAW_ARW_PIPELINE_PLAN.md
moved	docs	done	Info	docs/stack-documentation/Info/top-level/RAW_DNG_SUPPORT_PLAN.md	batch=B03; reviewed_on=2026-07-02; verified_on=2026-07-02; moved_on=2026-07-02; last_write=2026-05-25; reason=current DNG behavior and limitation reference verified against LibRaw decoder DNG layout handling; final_path=docs/stack-documentation/Info/top-level/RAW_DNG_SUPPORT_PLAN.md
moved	docs	done	Info	docs/stack-documentation/Info/top-level/RAW_LIBRAW_PRODUCTION_AUDIT.md	batch=B03; reviewed_on=2026-07-02; verified_on=2026-07-02; moved_on=2026-07-02; last_write=2026-05-25; reason=current LibRaw boundary packaging and licensing audit verified against CMake and release layout; final_path=docs/stack-documentation/Info/top-level/RAW_LIBRAW_PRODUCTION_AUDIT.md
moved	docs	done	Info	docs/stack-documentation/Info/top-level/RAW_NODE_TECHNICAL_NOTES.md	batch=B03; reviewed_on=2026-07-02; verified_on=2026-07-02; moved_on=2026-07-02; last_write=2026-05-25; reason=current technical reference for RawLoader LibRawDecoder and RawGpuPipeline behavior; final_path=docs/stack-documentation/Info/top-level/RAW_NODE_TECHNICAL_NOTES.md
moved	docs/raw-tab-ui-overhaul/auto-starting-point	done	Current	docs/stack-documentation/Current/raw-tab-ui-overhaul/auto-starting-point/agent-reread-guide.md	batch=B11; reviewed_on=2026-07-02; verified_on=2026-07-02; last_write=2026-07-02; reason=active restart and routing guide that tells future agents which small docs and task-specific research files to reread for Starting Point work; moved_on=2026-07-02; final_path=docs/stack-documentation/Current/raw-tab-ui-overhaul/auto-starting-point/agent-reread-guide.md
moved	docs/raw-tab-ui-overhaul/auto-starting-point/archive	done	Archived	docs/stack-documentation/Archived/raw-tab-ui-overhaul/auto-starting-point/implementation-progress-pass8-ledger-2026-07-02.md	batch=B11; reviewed_on=2026-07-02; verified_on=2026-07-02; last_write=2026-07-02; reason=preserved Pass 0 through 8 historical ledger explicitly archived by the active progress file; moved_on=2026-07-02; final_path=docs/stack-documentation/Archived/raw-tab-ui-overhaul/auto-starting-point/implementation-progress-pass8-ledger-2026-07-02.md
moved	docs/raw-tab-ui-overhaul/auto-starting-point	done	Current	docs/stack-documentation/Current/raw-tab-ui-overhaul/auto-starting-point/auto-controls-ordering-research.md	batch=B11; reviewed_on=2026-07-02; verified_on=2026-07-02; last_write=2026-06-30; reason=active task-specific research reference selected by the reread guide for automatic-control naming, ordering, and mental-model decisions; moved_on=2026-07-02; final_path=docs/stack-documentation/Current/raw-tab-ui-overhaul/auto-starting-point/auto-controls-ordering-research.md
moved	docs/raw-tab-ui-overhaul/auto-starting-point	done	Current	docs/stack-documentation/Current/raw-tab-ui-overhaul/auto-starting-point/auto-manual-compute-model.md	batch=B11; reviewed_on=2026-07-02; verified_on=2026-07-02; last_write=2026-06-30; reason=active task-specific research reference for auto versus manual ownership and recompute timing rules; moved_on=2026-07-02; final_path=docs/stack-documentation/Current/raw-tab-ui-overhaul/auto-starting-point/auto-manual-compute-model.md
moved	docs/raw-tab-ui-overhaul/auto-starting-point	done	Current	docs/stack-documentation/Current/raw-tab-ui-overhaul/auto-starting-point/auto-raw-processing-math-and-science.md	batch=B11; reviewed_on=2026-07-02; verified_on=2026-07-02; last_write=2026-06-30; reason=active raw-safety and scene-appearance research reference used to constrain visible automatic control writes; moved_on=2026-07-02; final_path=docs/stack-documentation/Current/raw-tab-ui-overhaul/auto-starting-point/auto-raw-processing-math-and-science.md
moved	docs/raw-tab-ui-overhaul/auto-starting-point	done	Current	docs/stack-documentation/Current/raw-tab-ui-overhaul/auto-starting-point/auto-starting-point-gap-audit.md	batch=B11; reviewed_on=2026-07-02; verified_on=2026-07-02; last_write=2026-06-30; reason=active research gap note for remaining named-stage, validation, and tuning uncertainties around Build Starting Point; moved_on=2026-07-02; final_path=docs/stack-documentation/Current/raw-tab-ui-overhaul/auto-starting-point/auto-starting-point-gap-audit.md
moved	docs/raw-tab-ui-overhaul/auto-starting-point	done	Current	docs/stack-documentation/Current/raw-tab-ui-overhaul/auto-starting-point/auto-starting-point-sampling-design.md	batch=B11; reviewed_on=2026-07-02; verified_on=2026-07-02; last_write=2026-06-30; reason=active staged-sampling and evidence-capture design reference for the one-click Build Starting Point flow; moved_on=2026-07-02; final_path=docs/stack-documentation/Current/raw-tab-ui-overhaul/auto-starting-point/auto-starting-point-sampling-design.md
moved	docs/raw-tab-ui-overhaul/auto-starting-point	done	Current	docs/stack-documentation/Current/raw-tab-ui-overhaul/auto-starting-point/auto-starting-point-solver-research.md	batch=B11; reviewed_on=2026-07-02; verified_on=2026-07-02; last_write=2026-06-30; reason=active solver-math reference for RAW Exposure, Local Range, Finish Tone, White Balance, and Display Fit candidate decisions; moved_on=2026-07-02; final_path=docs/stack-documentation/Current/raw-tab-ui-overhaul/auto-starting-point/auto-starting-point-solver-research.md
moved	docs/raw-tab-ui-overhaul/auto-starting-point	done	Current	docs/stack-documentation/Current/raw-tab-ui-overhaul/auto-starting-point/code-web-research-readbacks-and-dng.md	batch=B11; reviewed_on=2026-07-02; verified_on=2026-07-02; last_write=2026-06-30; reason=active current-code and standards snapshot explicitly required before readback, stats-domain, or DNG metadata work; moved_on=2026-07-02; final_path=docs/stack-documentation/Current/raw-tab-ui-overhaul/auto-starting-point/code-web-research-readbacks-and-dng.md
moved	docs/raw-tab-ui-overhaul/auto-starting-point	done	Current	docs/stack-documentation/Current/raw-tab-ui-overhaul/auto-starting-point/human-workflow-notes.md	batch=B11; reviewed_on=2026-07-02; verified_on=2026-07-02; last_write=2026-06-30; reason=active canonical beginner-facing wording for the four controls and automatic actions in the Starting Point workflow; moved_on=2026-07-02; final_path=docs/stack-documentation/Current/raw-tab-ui-overhaul/auto-starting-point/human-workflow-notes.md
moved	docs/raw-tab-ui-overhaul/auto-starting-point	done	Current	docs/stack-documentation/Current/raw-tab-ui-overhaul/auto-starting-point/implementation-contract.md	batch=B11; reviewed_on=2026-07-02; verified_on=2026-07-02; last_write=2026-07-02; reason=active compact implementation guardrail doc for visible automatic writes, staged evidence, ownership, and recompute timing; moved_on=2026-07-02; final_path=docs/stack-documentation/Current/raw-tab-ui-overhaul/auto-starting-point/implementation-contract.md
moved	docs/raw-tab-ui-overhaul/auto-starting-point	done	Current	docs/stack-documentation/Current/raw-tab-ui-overhaul/auto-starting-point/implementation-pass-readiness.md	batch=B11; reviewed_on=2026-07-02; verified_on=2026-07-02; last_write=2026-07-02; reason=active readiness, formula, validation, and staged-implementation reference; its historical pass numbers are explicitly secondary to implementation-progress; moved_on=2026-07-02; final_path=docs/stack-documentation/Current/raw-tab-ui-overhaul/auto-starting-point/implementation-pass-readiness.md
moved	docs/raw-tab-ui-overhaul/auto-starting-point	done	Current	docs/stack-documentation/Current/raw-tab-ui-overhaul/auto-starting-point/implementation-progress.md	batch=B11; reviewed_on=2026-07-02; verified_on=2026-07-02; last_write=2026-07-02; reason=active state tracker and mandatory entrypoint named by AGENTS and every companion doc for current Starting Point work; moved_on=2026-07-02; final_path=docs/stack-documentation/Current/raw-tab-ui-overhaul/auto-starting-point/implementation-progress.md
moved	docs/raw-tab-ui-overhaul/auto-starting-point	done	Current	docs/stack-documentation/Current/raw-tab-ui-overhaul/auto-starting-point/README.md	batch=B11; reviewed_on=2026-07-02; verified_on=2026-07-02; last_write=2026-07-02; reason=active folder entrypoint and feature-packet overview referenced by AGENTS and used to route resume work into the current Starting Point state; moved_on=2026-07-02; final_path=docs/stack-documentation/Current/raw-tab-ui-overhaul/auto-starting-point/README.md
moved	docs/raw-tab-ui-overhaul	done	Archived	docs/stack-documentation/Archived/raw-tab-ui-overhaul/current-ui-map.md	batch=B10; reviewed_on=2026-07-02; verified_on=2026-07-02; moved_on=2026-07-02; last_write=2026-06-29; reason=pre-overhaul UI snapshot now contradicted by current code, which uses 420/340/520 controls width, Main Controls and Graph Controls grouping, suggestions expander, and compacted project actions; final_path=docs/stack-documentation/Archived/raw-tab-ui-overhaul/current-ui-map.md
moved	docs/raw-tab-ui-overhaul	done	Info	docs/stack-documentation/Info/raw-tab-ui-overhaul/human-workflow-notes.md	batch=B10; reviewed_on=2026-07-02; verified_on=2026-07-02; moved_on=2026-07-02; last_write=2026-06-30; reason=plain-language workflow and state-language reference for the broader UI redesign; useful background, while the child auto-starting-point folder now owns the active starting-point implementation contract; final_path=docs/stack-documentation/Info/raw-tab-ui-overhaul/human-workflow-notes.md
moved	docs/raw-tab-ui-overhaul	done	Current	docs/stack-documentation/Current/raw-tab-ui-overhaul/implementation-contract.md	batch=B10; reviewed_on=2026-07-02; verified_on=2026-07-02; last_write=2026-06-30; reason=still the controlling first-overhaul UI contract; current code matches its wider panel, Base Light, Graph Controls, suggestions expander, Diagnostics, and project-action compaction rules, while manual visual validation remains open; moved_on=2026-07-02; final_path=docs/stack-documentation/Current/raw-tab-ui-overhaul/implementation-contract.md
moved	docs/raw-tab-ui-overhaul	done	Archived	docs/stack-documentation/Archived/raw-tab-ui-overhaul/implementation-passes.md	batch=B10; reviewed_on=2026-07-02; verified_on=2026-07-02; moved_on=2026-07-02; last_write=2026-06-30; reason=completed first-overhaul pass plan whose layout, suggestion, diagnostics, and toolbar stages landed in code and are now followed by pass-11 validation and later starting-point continuation logs; final_path=docs/stack-documentation/Archived/raw-tab-ui-overhaul/implementation-passes.md
moved	docs/raw-tab-ui-overhaul	done	Info	docs/stack-documentation/Info/raw-tab-ui-overhaul/interaction-ideas.md	batch=B10; reviewed_on=2026-07-02; verified_on=2026-07-02; moved_on=2026-07-02; last_write=2026-06-29; reason=explicitly exploratory interaction idea bank, including hover-preview and placement options that remain useful design reference but were never final requirements; final_path=docs/stack-documentation/Info/raw-tab-ui-overhaul/interaction-ideas.md
moved	docs/raw-tab-ui-overhaul	done	Info	docs/stack-documentation/Info/raw-tab-ui-overhaul/missed-angles-audit.md	batch=B10; reviewed_on=2026-07-02; verified_on=2026-07-02; moved_on=2026-07-02; last_write=2026-06-30; reason=supporting rationale and follow-up audit whose selected defaults were folded into implementation-contract, while its edge cases still remain useful UI reference; final_path=docs/stack-documentation/Info/raw-tab-ui-overhaul/missed-angles-audit.md
moved	docs/raw-tab-ui-overhaul	done	Archived	docs/stack-documentation/Archived/raw-tab-ui-overhaul/open-questions.md	batch=B10; reviewed_on=2026-07-02; verified_on=2026-07-02; moved_on=2026-07-02; last_write=2026-06-30; reason=historical decision log whose questions were largely resolved into implementation-contract or deferred, so it is no longer the active decision source; final_path=docs/stack-documentation/Archived/raw-tab-ui-overhaul/open-questions.md
moved	docs/raw-tab-ui-overhaul	done	Current	docs/stack-documentation/Current/raw-tab-ui-overhaul/pass-11-validation-notes.md	batch=B10; reviewed_on=2026-07-02; verified_on=2026-07-02; last_write=2026-07-02; reason=active validation and continuation log updated on 2026-07-02; it still records unresolved hands-on visual validation plus companion UI and starting-point continuation slices; moved_on=2026-07-02; final_path=docs/stack-documentation/Current/raw-tab-ui-overhaul/pass-11-validation-notes.md
moved	docs/raw-tab-ui-overhaul	done	Info	docs/stack-documentation/Info/raw-tab-ui-overhaul/README.md	batch=B10; reviewed_on=2026-07-02; verified_on=2026-07-02; moved_on=2026-07-02; last_write=2026-06-30; reason=overview and document map for the older raw-tab overhaul packet; still useful context, but the active raw starting-point entrypoint now lives in the child auto-starting-point folder; final_path=docs/stack-documentation/Info/raw-tab-ui-overhaul/README.md
moved	docs/raw-tab-ui-overhaul	done	Info	docs/stack-documentation/Info/raw-tab-ui-overhaul/side-panel-redesign-spec.md	batch=B10; reviewed_on=2026-07-02; verified_on=2026-07-02; moved_on=2026-07-02; last_write=2026-06-30; reason=design-target reference for grouping, spacing, and workflow rationale; implementation-contract and shipped code absorbed its defaults, but it remains useful background; final_path=docs/stack-documentation/Info/raw-tab-ui-overhaul/side-panel-redesign-spec.md
moved	docs/raw-tab-ui-overhaul	done	Current	docs/stack-documentation/Current/raw-tab-ui-overhaul/ui-validation-checklist.md	batch=B10; reviewed_on=2026-07-02; verified_on=2026-07-02; last_write=2026-06-30; reason=still-active manual UI validation checklist because pass-11 notes say hands-on visual checks remain pending before the first overhaul can be called fully visually validated; moved_on=2026-07-02; final_path=docs/stack-documentation/Current/raw-tab-ui-overhaul/ui-validation-checklist.md
moved	docs	done	Info	docs/stack-documentation/Info/top-level/RESTORMER_EXPORT_WORKFLOW.md	batch=B03; reviewed_on=2026-07-02; verified_on=2026-07-02; moved_on=2026-07-02; last_write=2026-05-27; reason=current local developer export workflow verified against existing neural denoise helper tools; final_path=docs/stack-documentation/Info/top-level/RESTORMER_EXPORT_WORKFLOW.md
moved	docs	done	Info	docs/stack-documentation/Info/top-level/RESTORMER_ONNX_INTEGRATION.md	batch=B03; reviewed_on=2026-07-02; verified_on=2026-07-02; moved_on=2026-07-02; last_write=2026-05-27; reason=current runtime and test-pack integration reference verified against neural denoise backend layer and tooling; final_path=docs/stack-documentation/Info/top-level/RESTORMER_ONNX_INTEGRATION.md
moved	repo-root	done	Archived	docs/stack-documentation/Archived/repo-root/loading fixes findings.txt	batch=B01; reviewed_on=2026-07-02; verified_on=2026-07-02; moved_on=2026-07-02; reason=loose historical findings note with stale line references and superseded loading guidance; final_path=docs/stack-documentation/Archived/repo-root/loading fixes findings.txt
keep-in-place	repo-root	no	keep-in-place	README.md	batch=B01; reviewed_on=2026-07-02; reason=repo landing page and discovery document; final_path=README.md; mirror_path=docs/stack-documentation/Info/repo-root/README.md
keep-in-place	repo-root	done	keep-in-place	THIRD_PARTY_NOTICES.md	batch=B01; reviewed_on=2026-07-02; verified_on=2026-07-02; reason=legal and packaging notice file verified against CMake and release scripts; final_path=THIRD_PARTY_NOTICES.md; mirror_path=docs/stack-documentation/Info/repo-root/THIRD_PARTY_NOTICES.md
moved	_local_archive	no	Current	docs/stack-documentation/Current/engineering/editor/ADVANCED_NODE_GRAPH_COMPOSITOR_GUIDE.md	batch=B13; reviewed_on=2026-07-03; reason=still-relevant future-direction compositor guide for expanding the editor graph beyond the old linear stack; moved_on=2026-07-03; final_path=docs/stack-documentation/Current/engineering/editor/ADVANCED_NODE_GRAPH_COMPOSITOR_GUIDE.md
moved	_local_archive	no	Archived	docs/stack-documentation/Archived/engineering/composite tab integration into editor progress.txt	batch=B13; reviewed_on=2026-07-03; reason=historical implementation progress log for the older Composite-to-Editor migration effort; moved_on=2026-07-03; final_path=docs/stack-documentation/Archived/engineering/composite tab integration into editor progress.txt
moved	_local_archive	no	Archived	docs/stack-documentation/Archived/engineering/composite tab integration into editor.txt	batch=B13; reviewed_on=2026-07-03; reason=earlier concept note for Composite-to-Editor unification that appears superseded by later guides and progress logs; moved_on=2026-07-03; final_path=docs/stack-documentation/Archived/engineering/composite tab integration into editor.txt
moved	_local_archive	no	Info	docs/stack-documentation/Info/engineering/ui/Dear ImGui Desktop UI Reference.md	batch=B13; reviewed_on=2026-07-03; reason=desktop UI research/reference note rather than an active implementation protocol; moved_on=2026-07-03; final_path=docs/stack-documentation/Info/engineering/ui/Dear ImGui Desktop UI Reference.md
moved	_local_archive	no	Current	docs/stack-documentation/Current/engineering/architecture/UNIFIED_WORKSPACE_ARCHITECTURE.md	batch=B13; reviewed_on=2026-07-03; reason=active future-direction architecture plan for unifying Editor and Composite into one workspace model; moved_on=2026-07-03; final_path=docs/stack-documentation/Current/engineering/architecture/UNIFIED_WORKSPACE_ARCHITECTURE.md
moved	_local_archive/Documentation	no	Info	docs/stack-documentation/Info/engineering/composite/CompositeAnimationSpecs.md	batch=B13; reviewed_on=2026-07-03; reason=deep-research and implementation-background note for future Composite animation/export work; moved_on=2026-07-03; final_path=docs/stack-documentation/Info/engineering/composite/CompositeAnimationSpecs.md
moved	_local_archive/Documentation	done	Info	docs/stack-documentation/Info/engineering/SystemOverview.md	batch=B13; reviewed_on=2026-07-03; verified_on=2026-07-03; reason=high-level Stack architecture overview intended as background/reference material; moved_on=2026-07-03; final_path=docs/stack-documentation/Info/engineering/SystemOverview.md
moved	_local_archive/Current Plan Files and Documentation In Use	no	Archived	docs/stack-documentation/Archived/engineering/CODEX_PROMPT_TYPED_SOCKETS_FIRST_PASS.md	batch=B14; reviewed_on=2026-07-03; reason=exported one-pass implementation prompt rather than a durable source-of-truth document; moved_on=2026-07-03; final_path=docs/stack-documentation/Archived/engineering/CODEX_PROMPT_TYPED_SOCKETS_FIRST_PASS.md
moved	_local_archive/Current Plan Files and Documentation In Use	no	Info	docs/stack-documentation/Info/engineering/composite/Composite_Web_Parity_Implementation_Guide.md	batch=B14; reviewed_on=2026-07-03; reason=useful behavior-reference guide for the website Composite implementation, but not the current native-workstream authority now that later unification docs exist; moved_on=2026-07-03; final_path=docs/stack-documentation/Info/engineering/composite/Composite_Web_Parity_Implementation_Guide.md
moved	_local_archive/Current Plan Files and Documentation In Use	no	Archived	docs/stack-documentation/Archived/engineering/cursor_composite_tab_implementation_gui.md	batch=B14; reviewed_on=2026-07-03; reason=exported chat transcript whose durable guidance appears captured more cleanly in the companion implementation guide; moved_on=2026-07-03; final_path=docs/stack-documentation/Archived/engineering/cursor_composite_tab_implementation_gui.md
moved	_local_archive/Current Plan Files and Documentation In Use	no	Info	docs/stack-documentation/Info/engineering/render/Glass_Sphere_Artifact_Audit.md	batch=B14; reviewed_on=2026-07-03; reason=render-diagnostic audit preserved as technical reference rather than an active work protocol; moved_on=2026-07-03; final_path=docs/stack-documentation/Info/engineering/render/Glass_Sphere_Artifact_Audit.md
moved	_local_archive/Current Plan Files and Documentation In Use	no	Info	docs/stack-documentation/Info/engineering/render/Glass_Sphere_Isolation_Test_Followup.md	batch=B14; reviewed_on=2026-07-03; reason=render-diagnostic follow-up note preserved as technical reference for the glass-sphere investigation; moved_on=2026-07-03; final_path=docs/stack-documentation/Info/engineering/render/Glass_Sphere_Isolation_Test_Followup.md
moved	_local_archive/Current Plan Files and Documentation In Use	no	Info	docs/stack-documentation/Info/engineering/render/Glass_Sphere_Realism_Diagnostic_Plan.md	batch=B14; reviewed_on=2026-07-03; reason=diagnostic test-plan note useful as render reference, not the active render workstream tracker; moved_on=2026-07-03; final_path=docs/stack-documentation/Info/engineering/render/Glass_Sphere_Realism_Diagnostic_Plan.md
moved	_local_archive/Current Plan Files and Documentation In Use	done	Current	docs/stack-documentation/Current/engineering/render/Render_Tab_Foundation_Progress.md	batch=B14; reviewed_on=2026-07-03; verified_on=2026-07-03; reason=explicit render-foundation progress tracker that still reads like an active implementation status document for the rendering redesign packet; moved_on=2026-07-03; final_path=docs/stack-documentation/Current/engineering/render/Render_Tab_Foundation_Progress.md
moved	_local_archive/Current Plan Files and Documentation In Use	no	Info	docs/stack-documentation/Info/engineering/Truth Source for a C++ Desktop Bundler and Minifier.md	batch=B14; reviewed_on=2026-07-03; reason=deep research and architecture guidance for a possible future bundler tool, best kept as reference unless a current implementation packet appears; moved_on=2026-07-03; final_path=docs/stack-documentation/Info/engineering/Truth Source for a C++ Desktop Bundler and Minifier.md
moved	_local_archive/UI research	no	Info	docs/stack-documentation/Info/engineering/ui/01_ui_structure_and_navigation.txt	batch=B15; reviewed_on=2026-07-03; reason=repository-structure audit describing tabs, dockspaces, sync flow, and critical ImGui window IDs for reference rather than active implementation control; moved_on=2026-07-03; final_path=docs/stack-documentation/Info/engineering/ui/01_ui_structure_and_navigation.txt
moved	_local_archive/UI research	no	Info	docs/stack-documentation/Info/engineering/ui/02_imgui_code_organization.txt	batch=B15; reviewed_on=2026-07-03; reason=ImGui code-organization and portability assessment preserved as architecture/reference material, not a live protocol; moved_on=2026-07-03; final_path=docs/stack-documentation/Info/engineering/ui/02_imgui_code_organization.txt
moved	_local_archive/UI research	no	Info	docs/stack-documentation/Info/engineering/ui/03_buttons_menus_naming.txt	batch=B15; reviewed_on=2026-07-03; reason=exhaustive UI control-label and naming audit useful as UX reference, not an active workstream instruction file; moved_on=2026-07-03; final_path=docs/stack-documentation/Info/engineering/ui/03_buttons_menus_naming.txt
moved	_local_archive/UI research	no	Info	docs/stack-documentation/Info/engineering/ui/04_framework_portability_and_appearance.txt	batch=B15; reviewed_on=2026-07-03; reason=framework-portability and theming analysis preserved as research/background for later UI decisions; moved_on=2026-07-03; final_path=docs/stack-documentation/Info/engineering/ui/04_framework_portability_and_appearance.txt
moved	_local_archive/UI research	no	Info	docs/stack-documentation/Info/engineering/ui/05_ux_common_sense_audit.txt	batch=B15; reviewed_on=2026-07-03; reason=usability-friction audit for future refinement work that fits reference material better than active current guidance; moved_on=2026-07-03; final_path=docs/stack-documentation/Info/engineering/ui/05_ux_common_sense_audit.txt
moved	_local_archive/UI research	no	Info	docs/stack-documentation/Info/engineering/ui/06_module_metrics_and_architecture.txt	batch=B15; reviewed_on=2026-07-03; reason=module-size, dependency, and architecture audit useful as supporting engineering reference; moved_on=2026-07-03; final_path=docs/stack-documentation/Info/engineering/ui/06_module_metrics_and_architecture.txt
moved	_local_archive/Redefining Rendering	no	Current	docs/stack-documentation/Current/engineering/render/Anti-Goals & Constraints Specification.md	batch=B16; reviewed_on=2026-07-03; reason=active render redesign constraint contract that the current Render Tab foundation tracker still treats as part of the live source-of-truth packet; moved_on=2026-07-03; final_path=docs/stack-documentation/Current/engineering/render/Anti-Goals & Constraints Specification.md
moved	_local_archive/Redefining Rendering	no	Current	docs/stack-documentation/Current/engineering/render/Compute Shader & Spectral Memory Layout Specification.md	batch=B16; reviewed_on=2026-07-03; reason=active implementation specification for the deferred spectral/wavefront path-tracing architecture referenced by the current render-foundation packet; moved_on=2026-07-03; final_path=docs/stack-documentation/Current/engineering/render/Compute Shader & Spectral Memory Layout Specification.md
moved	_local_archive/Redefining Rendering	no	Current	docs/stack-documentation/Current/engineering/render/Main technical companion.md	batch=B16; reviewed_on=2026-07-03; reason=active technical companion/spec document inside the live render redesign source packet used for future slices; moved_on=2026-07-03; final_path=docs/stack-documentation/Current/engineering/render/Main technical companion.md
moved	_local_archive/Redefining Rendering	no	Current	docs/stack-documentation/Current/engineering/render/MAIN FILE.txt	batch=B16; reviewed_on=2026-07-03; reason=raw top-level render redesign vision note that still anchors the live source-of-truth packet referenced by Render Tab foundation progress; moved_on=2026-07-03; final_path=docs/stack-documentation/Current/engineering/render/MAIN FILE.txt
moved	_local_archive/Redefining Rendering	no	Current	docs/stack-documentation/Current/engineering/render/Viewport, State, and Pipeline Specification.md	batch=B16; reviewed_on=2026-07-03; reason=active runtime contract for viewport-state, invalidation, and OpenGL pipeline behavior in the current render redesign packet; moved_on=2026-07-03; final_path=docs/stack-documentation/Current/engineering/render/Viewport, State, and Pipeline Specification.md
moved	_local_archive/docs/old_docs	no	Archived	docs/stack-documentation/Archived/engineering/DEMOSAICING GAIN RESEARCH ANSWERS.txt	batch=B17; reviewed_on=2026-07-03; reason=pasted question-and-answer research transcript rather than a durable maintained doc, so it is best preserved as archival source material; moved_on=2026-07-03; final_path=docs/stack-documentation/Archived/engineering/DEMOSAICING GAIN RESEARCH ANSWERS.txt
moved	_local_archive/docs/old_docs	done	Current	docs/stack-documentation/Current/engineering/editor/NODE_GRAPH_INTERACTION_GUIDE.md	batch=B17; reviewed_on=2026-07-03; verified_on=2026-07-03; reason=current node-graph interaction invariants and ownership rules still match the active GraphMouseOwner-based implementation in src/Editor/NodeGraph; moved_on=2026-07-03; final_path=docs/stack-documentation/Current/engineering/editor/NODE_GRAPH_INTERACTION_GUIDE.md
moved	_local_archive/docs/old_docs	no	Info	docs/stack-documentation/Info/engineering/editor/NODE_LIBRARY_ADVANCED_UI_CANDIDATES.txt	batch=B17; reviewed_on=2026-07-03; reason=advanced-node candidate report that supports future editor work as reference material rather than an active protocol; moved_on=2026-07-03; final_path=docs/stack-documentation/Info/engineering/editor/NODE_LIBRARY_ADVANCED_UI_CANDIDATES.txt
moved	_local_archive/docs/old_docs	no	Info	docs/stack-documentation/Info/engineering/editor/NODE_LIBRARY_AUDIT.txt	batch=B17; reviewed_on=2026-07-03; reason=node-library inventory and status audit useful as supporting engineering reference while cleanup decisions continue elsewhere; moved_on=2026-07-03; final_path=docs/stack-documentation/Info/engineering/editor/NODE_LIBRARY_AUDIT.txt
moved	_local_archive/docs/old_docs	no	Info	docs/stack-documentation/Info/engineering/editor/NODE_LIBRARY_CHANNEL_COMPATIBILITY.txt	batch=B17; reviewed_on=2026-07-03; reason=channel-behavior report for the node library that reads as ongoing reference material rather than the active instruction set; moved_on=2026-07-03; final_path=docs/stack-documentation/Info/engineering/editor/NODE_LIBRARY_CHANNEL_COMPATIBILITY.txt
moved	_local_archive/docs/old_docs	no	Current	docs/stack-documentation/Current/engineering/editor/NODE_LIBRARY_CLEANUP_ROADMAP.txt	batch=B17; reviewed_on=2026-07-03; reason=documentation-only roadmap for future node-library source cleanup that still describes expected next steps and unfinished work; moved_on=2026-07-03; final_path=docs/stack-documentation/Current/engineering/editor/NODE_LIBRARY_CLEANUP_ROADMAP.txt
moved	_local_archive/notes	no	Archived	docs/stack-documentation/Archived/top-level/very future stuff.txt	batch=B18; reviewed_on=2026-07-03; reason=loose multi-topic scratch note with rough feature ideas and unrelated repo-cleanup reminders, better preserved as archival source material than treated as current documentation; moved_on=2026-07-03; final_path=docs/stack-documentation/Archived/top-level/very future stuff.txt
