folder_group	batch_id	status	file_count	files_reviewed	files_verified	files_moved	last_updated	next_action	notes
repo-root	B01	completed	5	5	3	1	2026-07-02	`loading fixes findings.txt` was moved into the documentation archive hub. Root convention/legal docs remain keep-in-place and are mirrored under `docs/stack-documentation/Info/repo-root/`.	root conventions and legal docs kept in place; mirrored copies exist in the consolidated documentation home
AGENT RULES	B02	completed	9	9	4	0	2026-07-02	No move executed yet. Keep this active instruction bundle in place unless a later explicit rehome rule is chosen.	private preset bundle; not normal repository docs
docs	B03	completed	9	9	9	9	2026-07-02	Move completed. The reviewed top-level docs were fully rehomed into the documentation hub across `Current`, `Info`, and `Archived`.	top-level docs fully rehomed into the consolidated documentation hub
docs/engineering	B04	completed	2	2	2	2	2026-07-02	Move completed. The top-level engineering docs were rehomed into `docs/stack-documentation/Current/engineering/` and `Info/engineering/`.	top-level engineering docs fully rehomed; only the architecture subfolder remains at the source branch
docs/engineering/architecture	B04	completed	2	2	2	2	2026-07-02	Move completed. The architecture guide pair was rehomed together into `docs/stack-documentation/Current/engineering/architecture/`.	standing architecture guide and hotspot map remain current engineering guidance
docs/engineering/mfsr	B05	completed	8	8	8	8	2026-07-02	Move completed. The active MFSR packet was rehomed together into `docs/stack-documentation/Current/engineering/mfsr/`.	active phase-based feature packet; Phase 1/2 types and node shell exist in code, while the Phase 3 tab shell still remains next
docs/engineering/develop	B06	completed	5	5	5	5	2026-07-02	Move completed. The active develop protocol bundle was rehomed into `docs/stack-documentation/Current/engineering/develop/` and its path-coupled references were updated together.	active source-of-truth workflow bundle referenced directly by `AGENTS.md` and by `DEVELOP_PASS_PROTOCOL.md`
docs/engineering/develop/raw_manual_workspace	B07	completed	4	4	4	4	2026-07-02	Move completed. The workspace-level README, handoff, plan, and smoke-results packet now lives under `docs/stack-documentation/Current/engineering/develop/raw_manual_workspace/`.	active RAW workspace resume packet; README read-order, current handoff, durable plan, and smoke evidence all still control next-step work
docs/engineering/develop/raw_manual_workspace/implementation_phases	B07	completed	13	13	13	13	2026-07-02	Move completed. `00_*`, `07`, `08`, and `08A` now live under `docs/stack-documentation/Current/engineering/develop/raw_manual_workspace/implementation_phases/`, while completed phases `01` through `06` now live under `docs/stack-documentation/Archived/engineering/develop/raw_manual_workspace/implementation_phases/`.	mixed milestone set: cross-cutting contracts and open later-phase docs remain current, while completed phases 1 through 6 are archive candidates
docs/engineering/develop/spec_sources	B08	completed	2	2	2	2	2026-07-02	Move completed. `DEVELOP_NODE_CONTEXT.txt` now lives under `docs/stack-documentation/Current/engineering/develop/spec_sources/`, and `Develop node first think through.txt` now lives under `docs/stack-documentation/Archived/engineering/develop/spec_sources/`.	mixed pair: current-behavior truth plus one older superseded monolithic planning document
docs/engineering/develop/spec_sources/Stack_Develop_Node_Detailed_Guides	B08	completed	11	11	11	11	2026-07-02	Move completed. The active detailed guide set was rehomed into `docs/stack-documentation/Current/engineering/develop/spec_sources/Stack_Develop_Node_Detailed_Guides/`.	active future-direction guide set referenced by the develop protocol and tracker as the numbered-guide planning basis
docs/auto-raw-base	B09	completed	8	8	8	8	2026-07-02	Move completed. The source folder was emptied after rehoming the research report/crosswalk into `Info` and the older packet into `Archived`, with dependent raw-tab-overhaul references updated.	mixed set: foundational research remains useful reference, while the packet README and pass docs are older implementation-phase guidance superseded by newer starting-point docs and current UI/code flow
docs/raw-tab-ui-overhaul	B10	completed	11	11	11	11	2026-07-02	Move completed. The active RAW tab UI contract/checklist/validation trio now lives under `docs/stack-documentation/Current/raw-tab-ui-overhaul/`, and the companion auto-starting-point packet was later rehomed under `docs/stack-documentation/Current/raw-tab-ui-overhaul/auto-starting-point/`.	mixed packet: current UI-validation/contract docs remain active, several design notes remain useful reference, and a smaller pre-overhaul/resolved planning subset is now historical
docs/raw-tab-ui-overhaul/auto-starting-point	B11	completed	13	13	13	13	2026-07-02	Move completed. The main Starting Point packet now lives under `docs/stack-documentation/Current/raw-tab-ui-overhaul/auto-starting-point/`.	active path-coupled protocol bundle with current worktree edits; README, progress, reread guide, contract, readiness note, and task-specific research files still operate as one live continuation packet
docs/raw-tab-ui-overhaul/auto-starting-point/archive	B11	completed	1	1	1	1	2026-07-02	Move completed. The preserved Pass 0-8 ledger now lives under `docs/stack-documentation/Archived/raw-tab-ui-overhaul/auto-starting-point/`.	existing archive location
website	B12	completed	3	3	0	0	2026-07-02	Reviewed the HTML files and excluded them from the documentation workflow.	product website assets; not repository documentation
_local_archive	B13	completed	5	5	0	0	2026-07-03	Reviewed and classified the root `_local_archive` doc candidates.	mixed root set: unification/compositor direction docs remain current, the ImGui reference remains useful info, and older composite-integration notes are historical
_local_archive/Documentation	B13	completed	2	2	0	0	2026-07-03	Reviewed and classified the `Documentation` pair.	system overview remains useful info reference, while the composite animation deep-research spec remains useful research info
_local_archive/Current Plan Files and Documentation In Use	B14	completed	8	8	0	0	2026-07-03	Reviewed and classified the active Composite/Render/bundler/glass-sphere plan packet.	mixed packet: render foundation progress remains current, several composite/render/bundler notes remain useful info, and exported prompt/chat artifacts are historical
_local_archive/UI research	B15	completed	6	6	0	0	2026-07-03	Reviewed and classified the six-file UI research packet.	all six files are code-audit, UX, naming, portability, and architecture references that fit `Info`
_local_archive/Redefining Rendering	B16	completed	5	5	0	0	2026-07-03	Reviewed and classified the render redesign specification packet.	the full packet remains `Current` because the active render-foundation progress tracker still treats these five files as source-of-truth inputs for later slices
_local_archive/docs/old_docs	B17	completed	6	6	0	0	2026-07-03	Reviewed and classified the `old_docs` node-library and RAW research packet.	mixed packet: the graph-interaction guide and cleanup roadmap remain current guidance, the node-library audits remain useful info, and the pasted demosaicing research transcript is archival
_local_archive/notes	B18	completed	1	1	0	0	2026-07-03	Reviewed and classified the loose future-note file.	the file is best preserved as archived scratch/source material because it mixes rough ideas with unrelated repo-cleanup notes
