moved_on	status	from_path	to_path	batch_id	notes
2026-07-02	moved	loading fixes findings.txt	docs/stack-documentation/Archived/repo-root/loading fixes findings.txt	B01	destination=Archived; move_phase=1; source_group=repo-root
2026-07-02	moved	docs/INSTALLER_UPDATER_RELEASES.md	docs/stack-documentation/Info/top-level/INSTALLER_UPDATER_RELEASES.md	B03	destination=Info; move_phase=1; source_group=docs
2026-07-02	moved	docs/RAW_ARW_PIPELINE_PLAN.md	docs/stack-documentation/Info/top-level/RAW_ARW_PIPELINE_PLAN.md	B03	destination=Info; move_phase=1; source_group=docs
2026-07-02	moved	docs/RAW_DNG_SUPPORT_PLAN.md	docs/stack-documentation/Info/top-level/RAW_DNG_SUPPORT_PLAN.md	B03	destination=Info; move_phase=1; source_group=docs
2026-07-02	moved	docs/RAW_LIBRAW_PRODUCTION_AUDIT.md	docs/stack-documentation/Info/top-level/RAW_LIBRAW_PRODUCTION_AUDIT.md	B03	destination=Info; move_phase=1; source_group=docs
2026-07-02	moved	docs/RAW_NODE_TECHNICAL_NOTES.md	docs/stack-documentation/Info/top-level/RAW_NODE_TECHNICAL_NOTES.md	B03	destination=Info; move_phase=1; source_group=docs
2026-07-02	moved	docs/RESTORMER_EXPORT_WORKFLOW.md	docs/stack-documentation/Info/top-level/RESTORMER_EXPORT_WORKFLOW.md	B03	destination=Info; move_phase=1; source_group=docs
2026-07-02	moved	docs/RESTORMER_ONNX_INTEGRATION.md	docs/stack-documentation/Info/top-level/RESTORMER_ONNX_INTEGRATION.md	B03	destination=Info; move_phase=1; source_group=docs
2026-07-02	moved	docs/NEURAL_DENOISE_SYSTEM_PLAN.md	docs/stack-documentation/Archived/top-level/NEURAL_DENOISE_SYSTEM_PLAN.md	B03	destination=Archived; move_phase=1; source_group=docs
2026-07-02	moved	docs/auto-raw-base/deep-research-report.md	docs/stack-documentation/Info/auto-raw-base/deep-research-report.md	B09	destination=Info; move_phase=2; source_group=docs/auto-raw-base
2026-07-02	moved	docs/auto-raw-base/implementation-crosswalk.md	docs/stack-documentation/Info/auto-raw-base/implementation-crosswalk.md	B09	destination=Info; move_phase=2; source_group=docs/auto-raw-base
2026-07-02	moved	docs/auto-raw-base/pass-01-analysis-foundation.md	docs/stack-documentation/Archived/auto-raw-base/pass-01-analysis-foundation.md	B09	destination=Archived; move_phase=2; source_group=docs/auto-raw-base
2026-07-02	moved	docs/auto-raw-base/pass-02-auto-base-view-transform.md	docs/stack-documentation/Archived/auto-raw-base/pass-02-auto-base-view-transform.md	B09	destination=Archived; move_phase=2; source_group=docs/auto-raw-base
2026-07-02	moved	docs/auto-raw-base/pass-03-exposure-wb-highlight-recommendations.md	docs/stack-documentation/Archived/auto-raw-base/pass-03-exposure-wb-highlight-recommendations.md	B09	destination=Archived; move_phase=2; source_group=docs/auto-raw-base
2026-07-02	moved	docs/auto-raw-base/pass-04-local-range-suggestions-and-color.md	docs/stack-documentation/Archived/auto-raw-base/pass-04-local-range-suggestions-and-color.md	B09	destination=Archived; move_phase=2; source_group=docs/auto-raw-base
2026-07-02	moved	docs/auto-raw-base/pass-05-noise-detail-validation.md	docs/stack-documentation/Archived/auto-raw-base/pass-05-noise-detail-validation.md	B09	destination=Archived; move_phase=2; source_group=docs/auto-raw-base
2026-07-02	moved	docs/auto-raw-base/README.md	docs/stack-documentation/Archived/auto-raw-base/README.md	B09	destination=Archived; move_phase=2; source_group=docs/auto-raw-base
2026-07-02	moved	docs/raw-tab-ui-overhaul/README.md	docs/stack-documentation/Info/raw-tab-ui-overhaul/README.md	B10	destination=Info; move_phase=3; source_group=docs/raw-tab-ui-overhaul
2026-07-02	moved	docs/raw-tab-ui-overhaul/human-workflow-notes.md	docs/stack-documentation/Info/raw-tab-ui-overhaul/human-workflow-notes.md	B10	destination=Info; move_phase=3; source_group=docs/raw-tab-ui-overhaul
2026-07-02	moved	docs/raw-tab-ui-overhaul/interaction-ideas.md	docs/stack-documentation/Info/raw-tab-ui-overhaul/interaction-ideas.md	B10	destination=Info; move_phase=3; source_group=docs/raw-tab-ui-overhaul
2026-07-02	moved	docs/raw-tab-ui-overhaul/missed-angles-audit.md	docs/stack-documentation/Info/raw-tab-ui-overhaul/missed-angles-audit.md	B10	destination=Info; move_phase=3; source_group=docs/raw-tab-ui-overhaul
2026-07-02	moved	docs/raw-tab-ui-overhaul/side-panel-redesign-spec.md	docs/stack-documentation/Info/raw-tab-ui-overhaul/side-panel-redesign-spec.md	B10	destination=Info; move_phase=3; source_group=docs/raw-tab-ui-overhaul
2026-07-02	moved	docs/raw-tab-ui-overhaul/current-ui-map.md	docs/stack-documentation/Archived/raw-tab-ui-overhaul/current-ui-map.md	B10	destination=Archived; move_phase=3; source_group=docs/raw-tab-ui-overhaul
2026-07-02	moved	docs/raw-tab-ui-overhaul/implementation-passes.md	docs/stack-documentation/Archived/raw-tab-ui-overhaul/implementation-passes.md	B10	destination=Archived; move_phase=3; source_group=docs/raw-tab-ui-overhaul
2026-07-02	moved	docs/raw-tab-ui-overhaul/open-questions.md	docs/stack-documentation/Archived/raw-tab-ui-overhaul/open-questions.md	B10	destination=Archived; move_phase=3; source_group=docs/raw-tab-ui-overhaul
2026-07-02	moved	docs/LOCAL_TONE_MAPPING_PLAN.md	docs/stack-documentation/Current/top-level/LOCAL_TONE_MAPPING_PLAN.md	B03	destination=Current; move_phase=4; source_group=docs
2026-07-02	moved	docs/engineering/WINDOW_CHROME_POSTMORTEM.md	docs/stack-documentation/Info/engineering/WINDOW_CHROME_POSTMORTEM.md	B04	destination=Info; move_phase=4; source_group=docs/engineering
2026-07-02	moved	docs/engineering/mfsr/00_MFSR_README.md	docs/stack-documentation/Current/engineering/mfsr/00_MFSR_README.md	B05	destination=Current; move_phase=5; source_group=docs/engineering/mfsr
2026-07-02	moved	docs/engineering/mfsr/01_MFSR_PRODUCT_UI_SPEC.md	docs/stack-documentation/Current/engineering/mfsr/01_MFSR_PRODUCT_UI_SPEC.md	B05	destination=Current; move_phase=5; source_group=docs/engineering/mfsr
2026-07-02	moved	docs/engineering/mfsr/02_MFSR_PIPELINE_SPEC.md	docs/stack-documentation/Current/engineering/mfsr/02_MFSR_PIPELINE_SPEC.md	B05	destination=Current; move_phase=5; source_group=docs/engineering/mfsr
2026-07-02	moved	docs/engineering/mfsr/03_MFSR_IMPLEMENTATION_PLAN.md	docs/stack-documentation/Current/engineering/mfsr/03_MFSR_IMPLEMENTATION_PLAN.md	B05	destination=Current; move_phase=5; source_group=docs/engineering/mfsr
2026-07-02	moved	docs/engineering/mfsr/04_CODEX_GOAL_RULES.md	docs/stack-documentation/Current/engineering/mfsr/04_CODEX_GOAL_RULES.md	B05	destination=Current; move_phase=5; source_group=docs/engineering/mfsr
2026-07-02	moved	docs/engineering/mfsr/MFSR_PASS_GUIDE.md	docs/stack-documentation/Current/engineering/mfsr/MFSR_PASS_GUIDE.md	B05	destination=Current; move_phase=5; source_group=docs/engineering/mfsr
2026-07-02	moved	docs/engineering/mfsr/MFSR_REPO_NOTES.md	docs/stack-documentation/Current/engineering/mfsr/MFSR_REPO_NOTES.md	B05	destination=Current; move_phase=5; source_group=docs/engineering/mfsr
2026-07-02	moved	docs/engineering/mfsr/MFSR_STATUS.md	docs/stack-documentation/Current/engineering/mfsr/MFSR_STATUS.md	B05	destination=Current; move_phase=5; source_group=docs/engineering/mfsr
2026-07-02	moved	docs/engineering/NODE_LIBRARY_MARKER_AUDIT.md	docs/stack-documentation/Current/engineering/NODE_LIBRARY_MARKER_AUDIT.md	B04	destination=Current; move_phase=6; source_group=docs/engineering
2026-07-02	moved	docs/engineering/architecture/ARCHITECTURE_HOTSPOT_MAP.md	docs/stack-documentation/Current/engineering/architecture/ARCHITECTURE_HOTSPOT_MAP.md	B04	destination=Current; move_phase=7; source_group=docs/engineering/architecture
2026-07-02	moved	docs/engineering/architecture/ARCHITECTURE_ORGANIZATION_GUIDE.md	docs/stack-documentation/Current/engineering/architecture/ARCHITECTURE_ORGANIZATION_GUIDE.md	B04	destination=Current; move_phase=7; source_group=docs/engineering/architecture
2026-07-02	moved	docs/engineering/develop/DEVELOP_DECISIONS.md	docs/stack-documentation/Current/engineering/develop/DEVELOP_DECISIONS.md	B06	destination=Current; move_phase=8; source_group=docs/engineering/develop
2026-07-02	moved	docs/engineering/develop/DEVELOP_DEFERRED_SCOPE.md	docs/stack-documentation/Current/engineering/develop/DEVELOP_DEFERRED_SCOPE.md	B06	destination=Current; move_phase=8; source_group=docs/engineering/develop
2026-07-02	moved	docs/engineering/develop/DEVELOP_IMPLEMENTATION_TRACKER.md	docs/stack-documentation/Current/engineering/develop/DEVELOP_IMPLEMENTATION_TRACKER.md	B06	destination=Current; move_phase=8; source_group=docs/engineering/develop
2026-07-02	moved	docs/engineering/develop/DEVELOP_PASS_PROTOCOL.md	docs/stack-documentation/Current/engineering/develop/DEVELOP_PASS_PROTOCOL.md	B06	destination=Current; move_phase=8; source_group=docs/engineering/develop
2026-07-02	moved	docs/engineering/develop/DEVELOP_SOURCE_MAP.md	docs/stack-documentation/Current/engineering/develop/DEVELOP_SOURCE_MAP.md	B06	destination=Current; move_phase=8; source_group=docs/engineering/develop
2026-07-02	moved	docs/engineering/develop/raw_manual_workspace/CURRENT_HANDOFF.md	docs/stack-documentation/Current/engineering/develop/raw_manual_workspace/CURRENT_HANDOFF.md	B07	destination=Current; move_phase=9; source_group=docs/engineering/develop/raw_manual_workspace
2026-07-02	moved	docs/engineering/develop/raw_manual_workspace/implementation_phases/00_IMPLEMENTATION_GUIDE.md	docs/stack-documentation/Current/engineering/develop/raw_manual_workspace/implementation_phases/00_IMPLEMENTATION_GUIDE.md	B07	destination=Current; move_phase=9; source_group=docs/engineering/develop/raw_manual_workspace/implementation_phases
2026-07-02	moved	docs/engineering/develop/raw_manual_workspace/implementation_phases/00_MODE_CONTRACT.md	docs/stack-documentation/Current/engineering/develop/raw_manual_workspace/implementation_phases/00_MODE_CONTRACT.md	B07	destination=Current; move_phase=9; source_group=docs/engineering/develop/raw_manual_workspace/implementation_phases
2026-07-02	moved	docs/engineering/develop/raw_manual_workspace/implementation_phases/00_NATIVE_RAW_UI_SMOKE_CHECKLIST.md	docs/stack-documentation/Current/engineering/develop/raw_manual_workspace/implementation_phases/00_NATIVE_RAW_UI_SMOKE_CHECKLIST.md	B07	destination=Current; move_phase=9; source_group=docs/engineering/develop/raw_manual_workspace/implementation_phases
2026-07-02	moved	docs/engineering/develop/raw_manual_workspace/implementation_phases/00_STORAGE_LAYOUT.md	docs/stack-documentation/Current/engineering/develop/raw_manual_workspace/implementation_phases/00_STORAGE_LAYOUT.md	B07	destination=Current; move_phase=9; source_group=docs/engineering/develop/raw_manual_workspace/implementation_phases
2026-07-02	moved	docs/engineering/develop/raw_manual_workspace/implementation_phases/01_folder_catalog_foundation.md	docs/stack-documentation/Archived/engineering/develop/raw_manual_workspace/implementation_phases/01_folder_catalog_foundation.md	B07	destination=Archived; move_phase=9; source_group=docs/engineering/develop/raw_manual_workspace/implementation_phases
2026-07-02	moved	docs/engineering/develop/raw_manual_workspace/implementation_phases/02_thumbnail_pipeline.md	docs/stack-documentation/Archived/engineering/develop/raw_manual_workspace/implementation_phases/02_thumbnail_pipeline.md	B07	destination=Archived; move_phase=9; source_group=docs/engineering/develop/raw_manual_workspace/implementation_phases
2026-07-02	moved	docs/engineering/develop/raw_manual_workspace/implementation_phases/03_gallery_and_library.md	docs/stack-documentation/Archived/engineering/develop/raw_manual_workspace/implementation_phases/03_gallery_and_library.md	B07	destination=Archived; move_phase=9; source_group=docs/engineering/develop/raw_manual_workspace/implementation_phases
2026-07-02	moved	docs/engineering/develop/raw_manual_workspace/implementation_phases/04_recipe_and_compact_node.md	docs/stack-documentation/Archived/engineering/develop/raw_manual_workspace/implementation_phases/04_recipe_and_compact_node.md	B07	destination=Archived; move_phase=9; source_group=docs/engineering/develop/raw_manual_workspace/implementation_phases
2026-07-02	moved	docs/engineering/develop/raw_manual_workspace/implementation_phases/05_project_lifecycle.md	docs/stack-documentation/Archived/engineering/develop/raw_manual_workspace/implementation_phases/05_project_lifecycle.md	B07	destination=Archived; move_phase=9; source_group=docs/engineering/develop/raw_manual_workspace/implementation_phases
2026-07-02	moved	docs/engineering/develop/raw_manual_workspace/implementation_phases/06_raw_workspace_panels.md	docs/stack-documentation/Archived/engineering/develop/raw_manual_workspace/implementation_phases/06_raw_workspace_panels.md	B07	destination=Archived; move_phase=9; source_group=docs/engineering/develop/raw_manual_workspace/implementation_phases
2026-07-02	moved	docs/engineering/develop/raw_manual_workspace/implementation_phases/07_managed_decomposition.md	docs/stack-documentation/Current/engineering/develop/raw_manual_workspace/implementation_phases/07_managed_decomposition.md	B07	destination=Current; move_phase=9; source_group=docs/engineering/develop/raw_manual_workspace/implementation_phases
2026-07-02	moved	docs/engineering/develop/raw_manual_workspace/implementation_phases/08_later_workflow_upgrades.md	docs/stack-documentation/Current/engineering/develop/raw_manual_workspace/implementation_phases/08_later_workflow_upgrades.md	B07	destination=Current; move_phase=9; source_group=docs/engineering/develop/raw_manual_workspace/implementation_phases
2026-07-02	moved	docs/engineering/develop/raw_manual_workspace/implementation_phases/08A_local_range_tone_equalizer.md	docs/stack-documentation/Current/engineering/develop/raw_manual_workspace/implementation_phases/08A_local_range_tone_equalizer.md	B07	destination=Current; move_phase=9; source_group=docs/engineering/develop/raw_manual_workspace/implementation_phases
2026-07-02	moved	docs/engineering/develop/raw_manual_workspace/NATIVE_RAW_UI_SMOKE_RESULTS.md	docs/stack-documentation/Current/engineering/develop/raw_manual_workspace/NATIVE_RAW_UI_SMOKE_RESULTS.md	B07	destination=Current; move_phase=9; source_group=docs/engineering/develop/raw_manual_workspace
2026-07-02	moved	docs/engineering/develop/raw_manual_workspace/RAW_MANUAL_WORKSPACE_PLAN.md	docs/stack-documentation/Current/engineering/develop/raw_manual_workspace/RAW_MANUAL_WORKSPACE_PLAN.md	B07	destination=Current; move_phase=9; source_group=docs/engineering/develop/raw_manual_workspace
2026-07-02	moved	docs/engineering/develop/raw_manual_workspace/README.md	docs/stack-documentation/Current/engineering/develop/raw_manual_workspace/README.md	B07	destination=Current; move_phase=9; source_group=docs/engineering/develop/raw_manual_workspace
2026-07-02	moved	docs/engineering/develop/spec_sources/Develop node first think through.txt	docs/stack-documentation/Archived/engineering/develop/spec_sources/Develop node first think through.txt	B08	destination=Archived; move_phase=8; source_group=docs/engineering/develop/spec_sources
2026-07-02	moved	docs/engineering/develop/spec_sources/DEVELOP_NODE_CONTEXT.txt	docs/stack-documentation/Current/engineering/develop/spec_sources/DEVELOP_NODE_CONTEXT.txt	B08	destination=Current; move_phase=8; source_group=docs/engineering/develop/spec_sources
2026-07-02	moved	docs/engineering/develop/spec_sources/Stack_Develop_Node_Detailed_Guides/00_INDEX_README.txt	docs/stack-documentation/Current/engineering/develop/spec_sources/Stack_Develop_Node_Detailed_Guides/00_INDEX_README.txt	B08	destination=Current; move_phase=8; source_group=docs/engineering/develop/spec_sources/Stack_Develop_Node_Detailed_Guides
2026-07-02	moved	docs/engineering/develop/spec_sources/Stack_Develop_Node_Detailed_Guides/01_Develop_Philosophy_Auto_Modes_and_User_Intent.txt	docs/stack-documentation/Current/engineering/develop/spec_sources/Stack_Develop_Node_Detailed_Guides/01_Develop_Philosophy_Auto_Modes_and_User_Intent.txt	B08	destination=Current; move_phase=8; source_group=docs/engineering/develop/spec_sources/Stack_Develop_Node_Detailed_Guides
2026-07-02	moved	docs/engineering/develop/spec_sources/Stack_Develop_Node_Detailed_Guides/02_RAW_Data_Exposure_EV_Brightness_and_Scene_Linear_Control.txt	docs/stack-documentation/Current/engineering/develop/spec_sources/Stack_Develop_Node_Detailed_Guides/02_RAW_Data_Exposure_EV_Brightness_and_Scene_Linear_Control.txt	B08	destination=Current; move_phase=8; source_group=docs/engineering/develop/spec_sources/Stack_Develop_Node_Detailed_Guides
2026-07-02	moved	docs/engineering/develop/spec_sources/Stack_Develop_Node_Detailed_Guides/03_Iterative_Auto_Solve_Candidate_Rendering_Convergence_and_Learning.txt	docs/stack-documentation/Current/engineering/develop/spec_sources/Stack_Develop_Node_Detailed_Guides/03_Iterative_Auto_Solve_Candidate_Rendering_Convergence_and_Learning.txt	B08	destination=Current; move_phase=8; source_group=docs/engineering/develop/spec_sources/Stack_Develop_Node_Detailed_Guides
2026-07-02	moved	docs/engineering/develop/spec_sources/Stack_Develop_Node_Detailed_Guides/04_Dynamic_Range_Highlights_Shadows_and_Local_Exposure_Strategy.txt	docs/stack-documentation/Current/engineering/develop/spec_sources/Stack_Develop_Node_Detailed_Guides/04_Dynamic_Range_Highlights_Shadows_and_Local_Exposure_Strategy.txt	B08	destination=Current; move_phase=8; source_group=docs/engineering/develop/spec_sources/Stack_Develop_Node_Detailed_Guides
2026-07-02	moved	docs/engineering/develop/spec_sources/Stack_Develop_Node_Detailed_Guides/05_Subject_Importance_User_Guided_Bias_Brushes_and_Scene_Understanding.txt	docs/stack-documentation/Current/engineering/develop/spec_sources/Stack_Develop_Node_Detailed_Guides/05_Subject_Importance_User_Guided_Bias_Brushes_and_Scene_Understanding.txt	B08	destination=Current; move_phase=8; source_group=docs/engineering/develop/spec_sources/Stack_Develop_Node_Detailed_Guides
2026-07-02	moved	docs/engineering/develop/spec_sources/Stack_Develop_Node_Detailed_Guides/06_Color_White_Balance_Mood_Preservation_Skin_and_Memory_Colors.txt	docs/stack-documentation/Current/engineering/develop/spec_sources/Stack_Develop_Node_Detailed_Guides/06_Color_White_Balance_Mood_Preservation_Skin_and_Memory_Colors.txt	B08	destination=Current; move_phase=8; source_group=docs/engineering/develop/spec_sources/Stack_Develop_Node_Detailed_Guides
2026-07-02	moved	docs/engineering/develop/spec_sources/Stack_Develop_Node_Detailed_Guides/07_Denoise_Demosaic_Texture_Detail_and_Cleanup.txt	docs/stack-documentation/Current/engineering/develop/spec_sources/Stack_Develop_Node_Detailed_Guides/07_Denoise_Demosaic_Texture_Detail_and_Cleanup.txt	B08	destination=Current; move_phase=8; source_group=docs/engineering/develop/spec_sources/Stack_Develop_Node_Detailed_Guides
2026-07-02	moved	docs/engineering/develop/spec_sources/Stack_Develop_Node_Detailed_Guides/08_Tone_Contrast_Finish_Feel_and_Realistic_Final_Rendering.txt	docs/stack-documentation/Current/engineering/develop/spec_sources/Stack_Develop_Node_Detailed_Guides/08_Tone_Contrast_Finish_Feel_and_Realistic_Final_Rendering.txt	B08	destination=Current; move_phase=8; source_group=docs/engineering/develop/spec_sources/Stack_Develop_Node_Detailed_Guides
2026-07-02	moved	docs/engineering/develop/spec_sources/Stack_Develop_Node_Detailed_Guides/09_Manual_Mode_Auto_Handoff_Bias_Preservation_and_Expert_Controls.txt	docs/stack-documentation/Current/engineering/develop/spec_sources/Stack_Develop_Node_Detailed_Guides/09_Manual_Mode_Auto_Handoff_Bias_Preservation_and_Expert_Controls.txt	B08	destination=Current; move_phase=8; source_group=docs/engineering/develop/spec_sources/Stack_Develop_Node_Detailed_Guides
2026-07-02	moved	docs/engineering/develop/spec_sources/Stack_Develop_Node_Detailed_Guides/10_Graph_Controls_Solver_Controls_Diagnostics_and_User_Education.txt	docs/stack-documentation/Current/engineering/develop/spec_sources/Stack_Develop_Node_Detailed_Guides/10_Graph_Controls_Solver_Controls_Diagnostics_and_User_Education.txt	B08	destination=Current; move_phase=8; source_group=docs/engineering/develop/spec_sources/Stack_Develop_Node_Detailed_Guides
2026-07-02	moved	docs/raw-tab-ui-overhaul/implementation-contract.md	docs/stack-documentation/Current/raw-tab-ui-overhaul/implementation-contract.md	B10	destination=Current; move_phase=10; source_group=docs/raw-tab-ui-overhaul
2026-07-02	moved	docs/raw-tab-ui-overhaul/pass-11-validation-notes.md	docs/stack-documentation/Current/raw-tab-ui-overhaul/pass-11-validation-notes.md	B10	destination=Current; move_phase=10; source_group=docs/raw-tab-ui-overhaul
2026-07-02	moved	docs/raw-tab-ui-overhaul/ui-validation-checklist.md	docs/stack-documentation/Current/raw-tab-ui-overhaul/ui-validation-checklist.md	B10	destination=Current; move_phase=10; source_group=docs/raw-tab-ui-overhaul
2026-07-02	moved	docs/raw-tab-ui-overhaul/auto-starting-point/agent-reread-guide.md	docs/stack-documentation/Current/raw-tab-ui-overhaul/auto-starting-point/agent-reread-guide.md	B11	destination=Current; move_phase=11; source_group=docs/raw-tab-ui-overhaul/auto-starting-point
2026-07-02	moved	docs/raw-tab-ui-overhaul/auto-starting-point/auto-controls-ordering-research.md	docs/stack-documentation/Current/raw-tab-ui-overhaul/auto-starting-point/auto-controls-ordering-research.md	B11	destination=Current; move_phase=11; source_group=docs/raw-tab-ui-overhaul/auto-starting-point
2026-07-02	moved	docs/raw-tab-ui-overhaul/auto-starting-point/auto-manual-compute-model.md	docs/stack-documentation/Current/raw-tab-ui-overhaul/auto-starting-point/auto-manual-compute-model.md	B11	destination=Current; move_phase=11; source_group=docs/raw-tab-ui-overhaul/auto-starting-point
2026-07-02	moved	docs/raw-tab-ui-overhaul/auto-starting-point/auto-raw-processing-math-and-science.md	docs/stack-documentation/Current/raw-tab-ui-overhaul/auto-starting-point/auto-raw-processing-math-and-science.md	B11	destination=Current; move_phase=11; source_group=docs/raw-tab-ui-overhaul/auto-starting-point
2026-07-02	moved	docs/raw-tab-ui-overhaul/auto-starting-point/auto-starting-point-gap-audit.md	docs/stack-documentation/Current/raw-tab-ui-overhaul/auto-starting-point/auto-starting-point-gap-audit.md	B11	destination=Current; move_phase=11; source_group=docs/raw-tab-ui-overhaul/auto-starting-point
2026-07-02	moved	docs/raw-tab-ui-overhaul/auto-starting-point/auto-starting-point-sampling-design.md	docs/stack-documentation/Current/raw-tab-ui-overhaul/auto-starting-point/auto-starting-point-sampling-design.md	B11	destination=Current; move_phase=11; source_group=docs/raw-tab-ui-overhaul/auto-starting-point
2026-07-02	moved	docs/raw-tab-ui-overhaul/auto-starting-point/auto-starting-point-solver-research.md	docs/stack-documentation/Current/raw-tab-ui-overhaul/auto-starting-point/auto-starting-point-solver-research.md	B11	destination=Current; move_phase=11; source_group=docs/raw-tab-ui-overhaul/auto-starting-point
2026-07-02	moved	docs/raw-tab-ui-overhaul/auto-starting-point/code-web-research-readbacks-and-dng.md	docs/stack-documentation/Current/raw-tab-ui-overhaul/auto-starting-point/code-web-research-readbacks-and-dng.md	B11	destination=Current; move_phase=11; source_group=docs/raw-tab-ui-overhaul/auto-starting-point
2026-07-02	moved	docs/raw-tab-ui-overhaul/auto-starting-point/human-workflow-notes.md	docs/stack-documentation/Current/raw-tab-ui-overhaul/auto-starting-point/human-workflow-notes.md	B11	destination=Current; move_phase=11; source_group=docs/raw-tab-ui-overhaul/auto-starting-point
2026-07-02	moved	docs/raw-tab-ui-overhaul/auto-starting-point/implementation-contract.md	docs/stack-documentation/Current/raw-tab-ui-overhaul/auto-starting-point/implementation-contract.md	B11	destination=Current; move_phase=11; source_group=docs/raw-tab-ui-overhaul/auto-starting-point
2026-07-02	moved	docs/raw-tab-ui-overhaul/auto-starting-point/implementation-pass-readiness.md	docs/stack-documentation/Current/raw-tab-ui-overhaul/auto-starting-point/implementation-pass-readiness.md	B11	destination=Current; move_phase=11; source_group=docs/raw-tab-ui-overhaul/auto-starting-point
2026-07-02	moved	docs/raw-tab-ui-overhaul/auto-starting-point/implementation-progress.md	docs/stack-documentation/Current/raw-tab-ui-overhaul/auto-starting-point/implementation-progress.md	B11	destination=Current; move_phase=11; source_group=docs/raw-tab-ui-overhaul/auto-starting-point
2026-07-02	moved	docs/raw-tab-ui-overhaul/auto-starting-point/README.md	docs/stack-documentation/Current/raw-tab-ui-overhaul/auto-starting-point/README.md	B11	destination=Current; move_phase=11; source_group=docs/raw-tab-ui-overhaul/auto-starting-point
2026-07-02	moved	docs/raw-tab-ui-overhaul/auto-starting-point/archive/implementation-progress-pass8-ledger-2026-07-02.md	docs/stack-documentation/Archived/raw-tab-ui-overhaul/auto-starting-point/implementation-progress-pass8-ledger-2026-07-02.md	B11	destination=Archived; move_phase=12; source_group=docs/raw-tab-ui-overhaul/auto-starting-point/archive
2026-07-02	mirrored	README.md	docs/stack-documentation/Info/repo-root/README.md	B01	destination=Info; move_phase=13; source_group=repo-root; mirror_copy=true
2026-07-02	mirrored	BUILDING.md	docs/stack-documentation/Info/repo-root/BUILDING.md	B01	destination=Info; move_phase=13; source_group=repo-root; mirror_copy=true
2026-07-02	mirrored	THIRD_PARTY_NOTICES.md	docs/stack-documentation/Info/repo-root/THIRD_PARTY_NOTICES.md	B01	destination=Info; move_phase=13; source_group=repo-root; mirror_copy=true
2026-07-03	moved	_local_archive/ADVANCED_NODE_GRAPH_COMPOSITOR_GUIDE.md	docs/stack-documentation/Current/engineering/editor/ADVANCED_NODE_GRAPH_COMPOSITOR_GUIDE.md	B13	destination=Current; move_phase=14; source_group=_local_archive
2026-07-03	moved	_local_archive/composite tab integration into editor progress.txt	docs/stack-documentation/Archived/engineering/composite tab integration into editor progress.txt	B13	destination=Archived; move_phase=14; source_group=_local_archive
2026-07-03	moved	_local_archive/composite tab integration into editor.txt	docs/stack-documentation/Archived/engineering/composite tab integration into editor.txt	B13	destination=Archived; move_phase=14; source_group=_local_archive
2026-07-03	moved	_local_archive/Dear ImGui Desktop UI Reference.md	docs/stack-documentation/Info/engineering/ui/Dear ImGui Desktop UI Reference.md	B13	destination=Info; move_phase=14; source_group=_local_archive
2026-07-03	moved	_local_archive/UNIFIED_WORKSPACE_ARCHITECTURE.md	docs/stack-documentation/Current/engineering/architecture/UNIFIED_WORKSPACE_ARCHITECTURE.md	B13	destination=Current; move_phase=14; source_group=_local_archive
2026-07-03	moved	_local_archive/Documentation/CompositeAnimationSpecs.md	docs/stack-documentation/Info/engineering/composite/CompositeAnimationSpecs.md	B13	destination=Info; move_phase=14; source_group=_local_archive/Documentation
2026-07-03	moved	_local_archive/Documentation/SystemOverview.md	docs/stack-documentation/Info/engineering/SystemOverview.md	B13	destination=Info; move_phase=14; source_group=_local_archive/Documentation
2026-07-03	moved	_local_archive/Current Plan Files and Documentation In Use/CODEX_PROMPT_TYPED_SOCKETS_FIRST_PASS.md	docs/stack-documentation/Archived/engineering/CODEX_PROMPT_TYPED_SOCKETS_FIRST_PASS.md	B14	destination=Archived; move_phase=14; source_group=_local_archive/Current Plan Files and Documentation In Use
2026-07-03	moved	_local_archive/Current Plan Files and Documentation In Use/Composite_Web_Parity_Implementation_Guide.md	docs/stack-documentation/Info/engineering/composite/Composite_Web_Parity_Implementation_Guide.md	B14	destination=Info; move_phase=14; source_group=_local_archive/Current Plan Files and Documentation In Use
2026-07-03	moved	_local_archive/Current Plan Files and Documentation In Use/cursor_composite_tab_implementation_gui.md	docs/stack-documentation/Archived/engineering/cursor_composite_tab_implementation_gui.md	B14	destination=Archived; move_phase=14; source_group=_local_archive/Current Plan Files and Documentation In Use
2026-07-03	moved	_local_archive/Current Plan Files and Documentation In Use/Glass_Sphere_Artifact_Audit.md	docs/stack-documentation/Info/engineering/render/Glass_Sphere_Artifact_Audit.md	B14	destination=Info; move_phase=14; source_group=_local_archive/Current Plan Files and Documentation In Use
2026-07-03	moved	_local_archive/Current Plan Files and Documentation In Use/Glass_Sphere_Isolation_Test_Followup.md	docs/stack-documentation/Info/engineering/render/Glass_Sphere_Isolation_Test_Followup.md	B14	destination=Info; move_phase=14; source_group=_local_archive/Current Plan Files and Documentation In Use
2026-07-03	moved	_local_archive/Current Plan Files and Documentation In Use/Glass_Sphere_Realism_Diagnostic_Plan.md	docs/stack-documentation/Info/engineering/render/Glass_Sphere_Realism_Diagnostic_Plan.md	B14	destination=Info; move_phase=14; source_group=_local_archive/Current Plan Files and Documentation In Use
2026-07-03	moved	_local_archive/Current Plan Files and Documentation In Use/Render_Tab_Foundation_Progress.md	docs/stack-documentation/Current/engineering/render/Render_Tab_Foundation_Progress.md	B14	destination=Current; move_phase=14; source_group=_local_archive/Current Plan Files and Documentation In Use
2026-07-03	moved	_local_archive/Current Plan Files and Documentation In Use/Truth Source for a C++ Desktop Bundler and Minifier.md	docs/stack-documentation/Info/engineering/Truth Source for a C++ Desktop Bundler and Minifier.md	B14	destination=Info; move_phase=14; source_group=_local_archive/Current Plan Files and Documentation In Use
2026-07-03	moved	_local_archive/UI research/01_ui_structure_and_navigation.txt	docs/stack-documentation/Info/engineering/ui/01_ui_structure_and_navigation.txt	B15	destination=Info; move_phase=14; source_group=_local_archive/UI research
2026-07-03	moved	_local_archive/UI research/02_imgui_code_organization.txt	docs/stack-documentation/Info/engineering/ui/02_imgui_code_organization.txt	B15	destination=Info; move_phase=14; source_group=_local_archive/UI research
2026-07-03	moved	_local_archive/UI research/03_buttons_menus_naming.txt	docs/stack-documentation/Info/engineering/ui/03_buttons_menus_naming.txt	B15	destination=Info; move_phase=14; source_group=_local_archive/UI research
2026-07-03	moved	_local_archive/UI research/04_framework_portability_and_appearance.txt	docs/stack-documentation/Info/engineering/ui/04_framework_portability_and_appearance.txt	B15	destination=Info; move_phase=14; source_group=_local_archive/UI research
2026-07-03	moved	_local_archive/UI research/05_ux_common_sense_audit.txt	docs/stack-documentation/Info/engineering/ui/05_ux_common_sense_audit.txt	B15	destination=Info; move_phase=14; source_group=_local_archive/UI research
2026-07-03	moved	_local_archive/UI research/06_module_metrics_and_architecture.txt	docs/stack-documentation/Info/engineering/ui/06_module_metrics_and_architecture.txt	B15	destination=Info; move_phase=14; source_group=_local_archive/UI research
2026-07-03	moved	_local_archive/Redefining Rendering/Anti-Goals & Constraints Specification.md	docs/stack-documentation/Current/engineering/render/Anti-Goals & Constraints Specification.md	B16	destination=Current; move_phase=14; source_group=_local_archive/Redefining Rendering
2026-07-03	moved	_local_archive/Redefining Rendering/Compute Shader & Spectral Memory Layout Specification.md	docs/stack-documentation/Current/engineering/render/Compute Shader & Spectral Memory Layout Specification.md	B16	destination=Current; move_phase=14; source_group=_local_archive/Redefining Rendering
2026-07-03	moved	_local_archive/Redefining Rendering/Main technical companion.md	docs/stack-documentation/Current/engineering/render/Main technical companion.md	B16	destination=Current; move_phase=14; source_group=_local_archive/Redefining Rendering
2026-07-03	moved	_local_archive/Redefining Rendering/MAIN FILE.txt	docs/stack-documentation/Current/engineering/render/MAIN FILE.txt	B16	destination=Current; move_phase=14; source_group=_local_archive/Redefining Rendering
2026-07-03	moved	_local_archive/Redefining Rendering/Viewport, State, and Pipeline Specification.md	docs/stack-documentation/Current/engineering/render/Viewport, State, and Pipeline Specification.md	B16	destination=Current; move_phase=14; source_group=_local_archive/Redefining Rendering
2026-07-03	moved	_local_archive/docs/old_docs/DEMOSAICING GAIN RESEARCH ANSWERS.txt	docs/stack-documentation/Archived/engineering/DEMOSAICING GAIN RESEARCH ANSWERS.txt	B17	destination=Archived; move_phase=14; source_group=_local_archive/docs/old_docs
2026-07-03	moved	_local_archive/docs/old_docs/NODE_GRAPH_INTERACTION_GUIDE.md	docs/stack-documentation/Current/engineering/editor/NODE_GRAPH_INTERACTION_GUIDE.md	B17	destination=Current; move_phase=14; source_group=_local_archive/docs/old_docs
2026-07-03	moved	_local_archive/docs/old_docs/NODE_LIBRARY_ADVANCED_UI_CANDIDATES.txt	docs/stack-documentation/Info/engineering/editor/NODE_LIBRARY_ADVANCED_UI_CANDIDATES.txt	B17	destination=Info; move_phase=14; source_group=_local_archive/docs/old_docs
2026-07-03	moved	_local_archive/docs/old_docs/NODE_LIBRARY_AUDIT.txt	docs/stack-documentation/Info/engineering/editor/NODE_LIBRARY_AUDIT.txt	B17	destination=Info; move_phase=14; source_group=_local_archive/docs/old_docs
2026-07-03	moved	_local_archive/docs/old_docs/NODE_LIBRARY_CHANNEL_COMPATIBILITY.txt	docs/stack-documentation/Info/engineering/editor/NODE_LIBRARY_CHANNEL_COMPATIBILITY.txt	B17	destination=Info; move_phase=14; source_group=_local_archive/docs/old_docs
2026-07-03	moved	_local_archive/docs/old_docs/NODE_LIBRARY_CLEANUP_ROADMAP.txt	docs/stack-documentation/Current/engineering/editor/NODE_LIBRARY_CLEANUP_ROADMAP.txt	B17	destination=Current; move_phase=14; source_group=_local_archive/docs/old_docs
2026-07-03	moved	_local_archive/notes/very future stuff.txt	docs/stack-documentation/Archived/top-level/very future stuff.txt	B18	destination=Archived; move_phase=14; source_group=_local_archive/notes
